{
    "average_learning_time": 1139.160131591797,
    "average_nrmse": 0.09496407289228988,
    "runs": {
        "run_1": {
            "learning_time": 1127334.5439453125,
            "nrmse": 0.09366068445845763
        },
        "run_2": {
            "learning_time": 1130977.5629882812,
            "nrmse": 0.09494914206270946
        },
        "run_3": {
            "learning_time": 1150389.8371582031,
            "nrmse": 0.0949864245540341
        },
        "run_4": {
            "learning_time": 1152521.6479492188,
            "nrmse": 0.09661712491277613
        },
        "run_5": {
            "learning_time": 1134577.0659179688,
            "nrmse": 0.09460698847347207
        }
    }
}