{
    "average_learning_time": 0.9310923828125,
    "average_nrmse": 0.08254557320725256,
    "runs": {
        "run_1": {
            "learning_time": 879.70458984375,
            "nrmse": 0.08169700523128279
        },
        "run_2": {
            "learning_time": 863.725341796875,
            "nrmse": 0.0812952695515266
        },
        "run_3": {
            "learning_time": 905.692138671875,
            "nrmse": 0.08292958791992823
        },
        "run_4": {
            "learning_time": 885.69873046875,
            "nrmse": 0.08374264344010941
        },
        "run_5": {
            "learning_time": 1120.64111328125,
            "nrmse": 0.08306335989341575
        }
    }
}