{
    "average_learning_time": 976.2593276367187,
    "average_nrmse": 0.12004773352390005,
    "runs": {
        "run_1": {
            "learning_time": 965670.2141113281,
            "nrmse": 0.11755431232601779
        },
        "run_2": {
            "learning_time": 974568.7358398438,
            "nrmse": 0.11874680546900547
        },
        "run_3": {
            "learning_time": 987375.4111328125,
            "nrmse": 0.12182123040924524
        },
        "run_4": {
            "learning_time": 974068.3442382812,
            "nrmse": 0.12027829276745079
        },
        "run_5": {
            "learning_time": 979613.9328613281,
            "nrmse": 0.12183802664778101
        }
    }
}