{
    "average_learning_time": 1142.3112111328126,
    "average_nrmse": 0.10426435609617643,
    "runs": {
        "run_1": {
            "learning_time": 1132960.3112792969,
            "nrmse": 0.10520366520972399
        },
        "run_2": {
            "learning_time": 1147870.8364257812,
            "nrmse": 0.10225062044881354
        },
        "run_3": {
            "learning_time": 1147656.5827636719,
            "nrmse": 0.10346465881353581
        },
        "run_4": {
            "learning_time": 1162366.7534179688,
            "nrmse": 0.10565091722295539
        },
        "run_5": {
            "learning_time": 1120701.5717773438,
            "nrmse": 0.10475191878585344
        }
    }
}