{
    "average_learning_time": 976.4600512207031,
    "average_nrmse": 0.10914220014255534,
    "runs": {
        "run_1": {
            "learning_time": 996432.7524414062,
            "nrmse": 0.1090702130012144
        },
        "run_2": {
            "learning_time": 979938.8142089844,
            "nrmse": 0.10978390107956981
        },
        "run_3": {
            "learning_time": 968104.1042480469,
            "nrmse": 0.11033929471244211
        },
        "run_4": {
            "learning_time": 969719.2145996094,
            "nrmse": 0.1090627828510401
        },
        "run_5": {
            "learning_time": 968105.3706054688,
            "nrmse": 0.10745480906851021
        }
    }
}