{
    "average_learning_time": 2.156300048828125,
    "average_nrmse": 0.08814683727647035,
    "runs": {
        "run_1": {
            "learning_time": 2557.1689453125,
            "nrmse": 0.08870630317720006
        },
        "run_2": {
            "learning_time": 3995.720458984375,
            "nrmse": 0.08752531834230948
        },
        "run_3": {
            "learning_time": 2111.324462890625,
            "nrmse": 0.0880043350229943
        },
        "run_4": {
            "learning_time": 871.70263671875,
            "nrmse": 0.08861240314028579
        },
        "run_5": {
            "learning_time": 1245.583740234375,
            "nrmse": 0.0878858266995621
        }
    }
}