{
    "average_learning_time": 1144.7652215820312,
    "average_nrmse": 0.10016730053671101,
    "runs": {
        "run_1": {
            "learning_time": 1133353.6169433594,
            "nrmse": 0.09981693791091277
        },
        "run_2": {
            "learning_time": 1146623.5007324219,
            "nrmse": 0.09958168103843332
        },
        "run_3": {
            "learning_time": 1150032.4067382812,
            "nrmse": 0.1012618923428942
        },
        "run_4": {
            "learning_time": 1172111.9868164062,
            "nrmse": 0.10171886324444523
        },
        "run_5": {
            "learning_time": 1121704.5966796875,
            "nrmse": 0.09845712814686954
        }
    }
}