{
  "average_nrmse": 0.1517284661604205,
  "average_learning_time": 0.0068,
  "runs": {
    "run_1": {
      "nrmse": 0.1513459075473411,
      "learning_time": 6
    },
    "run_2": {
      "nrmse": 0.15193476557096966,
      "learning_time": 6
    },
    "run_3": {
      "nrmse": 0.15237718941659414,
      "learning_time": 9
    },
    "run_4": {
      "nrmse": 0.15136261028145748,
      "learning_time": 6
    },
    "run_5": {
      "nrmse": 0.15162185798574004,
      "learning_time": 7
    }
  }
}