{
    "average_learning_time": 1.326363134765625,
    "average_nrmse": 0.07813392478499584,
    "runs": {
        "run_1": {
            "learning_time": 1456.519775390625,
            "nrmse": 0.07715832268841684
        },
        "run_2": {
            "learning_time": 1344.55712890625,
            "nrmse": 0.07807718387444963
        },
        "run_3": {
            "learning_time": 1464.513916015625,
            "nrmse": 0.07802831678433707
        },
        "run_4": {
            "learning_time": 1171.607421875,
            "nrmse": 0.0796869539002724
        },
        "run_5": {
            "learning_time": 1194.617431640625,
            "nrmse": 0.0777188466775033
        }
    }
}