{
    "average_learning_time": 2.485999169921875,
    "average_nrmse": 0.07139737812631744,
    "runs": {
        "run_1": {
            "learning_time": 2779.110107421875,
            "nrmse": 0.07093328381660807
        },
        "run_2": {
            "learning_time": 2764.115478515625,
            "nrmse": 0.07080306603030447
        },
        "run_3": {
            "learning_time": 2593.157470703125,
            "nrmse": 0.07001963696027216
        },
        "run_4": {
            "learning_time": 2815.098388671875,
            "nrmse": 0.07281790967735122
        },
        "run_5": {
            "learning_time": 1478.514404296875,
            "nrmse": 0.07241299414705128
        }
    }
}