{
    "average_learning_time": 964.7481676269531,
    "average_nrmse": 0.11383885099400377,
    "runs": {
        "run_1": {
            "learning_time": 957900.9299316406,
            "nrmse": 0.1133972762224971
        },
        "run_2": {
            "learning_time": 964822.8276367188,
            "nrmse": 0.11476806416017937
        },
        "run_3": {
            "learning_time": 969326.5939941406,
            "nrmse": 0.1147113256375957
        },
        "run_4": {
            "learning_time": 968276.5661621094,
            "nrmse": 0.11399171071939063
        },
        "run_5": {
            "learning_time": 963413.9204101562,
            "nrmse": 0.11232587823035603
        }
    }
}