{
  "average_nrmse": 0.151789902611645,
  "average_learning_time": 0.0078,
  "runs": {
    "run_1": {
      "nrmse": 0.15125153481901696,
      "learning_time": 7
    },
    "run_2": {
      "nrmse": 0.15103565916626288,
      "learning_time": 8
    },
    "run_3": {
      "nrmse": 0.15289091123124543,
      "learning_time": 8
    },
    "run_4": {
      "nrmse": 0.15310353523628073,
      "learning_time": 11
    },
    "run_5": {
      "nrmse": 0.1506678726054189,
      "learning_time": 5
    }
  }
}