{
    "average_learning_time": 3.199370849609375,
    "average_nrmse": 0.09497518867956825,
    "runs": {
        "run_1": {
            "learning_time": 4068.685302734375,
            "nrmse": 0.0947942842050122
        },
        "run_2": {
            "learning_time": 3030.030517578125,
            "nrmse": 0.09532182058012954
        },
        "run_3": {
            "learning_time": 3789.78662109375,
            "nrmse": 0.09559528230692416
        },
        "run_4": {
            "learning_time": 1846.396484375,
            "nrmse": 0.09433230927886686
        },
        "run_5": {
            "learning_time": 3261.955322265625,
            "nrmse": 0.09483224702690853
        }
    }
}