{
    "average_learning_time": 327.4020162700001,
    "average_test_LL": -1018.5437682244944,
    "average_train_BIC": -9372.479933782259,
    "folds": {
        "fold_1": {
            "learning_time": 452592.3121,
            "test_LL": -1052.8038547988992,
            "train_BIC": -9320.796669409223
        },
        "fold_10": {
            "learning_time": 268486.62970000034,
            "test_LL": -1028.7557764200574,
            "train_BIC": -9359.566116491245
        },
        "fold_2": {
            "learning_time": 286429.0254,
            "test_LL": -1047.0447117416768,
            "train_BIC": -9380.462226993855
        },
        "fold_3": {
            "learning_time": 252296.95679999999,
            "test_LL": -1011.7663353799577,
            "train_BIC": -9393.687828062286
        },
        "fold_4": {
            "learning_time": 356405.8792000001,
            "test_LL": -1013.1020148360344,
            "train_BIC": -9357.883532919408
        },
        "fold_5": {
            "learning_time": 364322.72709999984,
            "test_LL": -991.4390373356647,
            "train_BIC": -9385.356427527355
        },
        "fold_6": {
            "learning_time": 240408.30060000008,
            "test_LL": -1000.0562859058942,
            "train_BIC": -9426.903635213592
        },
        "fold_7": {
            "learning_time": 380189.4938999999,
            "test_LL": -1002.989554357069,
            "train_BIC": -9376.485369184718
        },
        "fold_8": {
            "learning_time": 304547.0071,
            "test_LL": -1022.5472543320158,
            "train_BIC": -9361.78787714719
        },
        "fold_9": {
            "learning_time": 368341.8308,
            "test_LL": -1014.9328571376761,
            "train_BIC": -9361.869654873708
        }
    }
}