{
  "average_learning_time": 166.6507,
  "average_test_LL": -1049.2196041550862,
  "average_train_BIC": -9623.6795845068,
  "folds": {
    "fold_1": {
      "test_LL": -1071.2291010899596,
      "train_BIC": -9602.516770527855,
      "learning_time": 129324
    },
    "fold_2": {
      "test_LL": -1060.660869838836,
      "train_BIC": -9576.692753967105,
      "learning_time": 207821
    },
    "fold_3": {
      "test_LL": -1016.0489940101978,
      "train_BIC": -9612.491212726318,
      "learning_time": 202842
    },
    "fold_4": {
      "test_LL": -1215.0836386957637,
      "train_BIC": -9619.795623395356,
      "learning_time": 154492
    },
    "fold_5": {
      "test_LL": -1000.6758404242735,
      "train_BIC": -9653.825386939096,
      "learning_time": 153951
    },
    "fold_6": {
      "test_LL": -1005.4529506411111,
      "train_BIC": -9647.515902826824,
      "learning_time": 135461
    },
    "fold_7": {
      "test_LL": -1008.9758552468804,
      "train_BIC": -9609.547974943358,
      "learning_time": 173417
    },
    "fold_8": {
      "test_LL": -1044.0614497773088,
      "train_BIC": -9620.932718624612,
      "learning_time": 171473
    },
    "fold_9": {
      "test_LL": -1049.05222345904,
      "train_BIC": -9714.207876874345,
      "learning_time": 62114
    },
    "fold_10": {
      "test_LL": -1020.9551183674902,
      "train_BIC": -9579.269624243138,
      "learning_time": 275612
    }
  }
}