{
    "average_accuracy": 0.9319104358277922,
    "average_error": 0.07338963110752579,
    "average_learning_time": 0.58331982421875,
    "average_nrmse": 0.07461077508398972,
    "runs": {
        "run_1": {
            "accuracy": 0.9338278931750742,
            "average_error": 0.07033406346357625,
            "learning_time": 682.22900390625,
            "nrmse": 0.0711774052283911
        },
        "run_2": {
            "accuracy": 0.9280116110304789,
            "average_error": 0.07057810370584369,
            "learning_time": 453.125,
            "nrmse": 0.0701374898456979
        },
        "run_3": {
            "accuracy": 0.9284023668639053,
            "average_error": 0.08260749372373179,
            "learning_time": 687.49853515625,
            "nrmse": 0.0851771812302434
        },
        "run_4": {
            "accuracy": 0.9322033898305084,
            "average_error": 0.07105533115309101,
            "learning_time": 656.24755859375,
            "nrmse": 0.0720000717918767
        },
        "run_5": {
            "accuracy": 0.9371069182389937,
            "average_error": 0.07237316349138623,
            "learning_time": 437.4990234375,
            "nrmse": 0.0745617273237395
        }
    }
}