{
    "average_accuracy": 0.927153902602622,
    "average_error": 0.08182533800215334,
    "average_learning_time": 0.5812482421874999,
    "average_nrmse": 0.08395245159543298,
    "runs": {
        "run_1": {
            "accuracy": 0.929644645838302,
            "average_error": 0.07673439988554764,
            "learning_time": 968.747314453125,
            "nrmse": 0.0781302815158865
        },
        "run_2": {
            "accuracy": 0.9244621141253508,
            "average_error": 0.07971997558570693,
            "learning_time": 453.1201171875,
            "nrmse": 0.08084913755881264
        },
        "run_3": {
            "accuracy": 0.9235547061634019,
            "average_error": 0.08970439612995805,
            "learning_time": 468.748779296875,
            "nrmse": 0.09260559427180001
        },
        "run_4": {
            "accuracy": 0.9289066166119193,
            "average_error": 0.07987512198979274,
            "learning_time": 468.7509765625,
            "nrmse": 0.08222236411721882
        },
        "run_5": {
            "accuracy": 0.9292014302741359,
            "average_error": 0.08309279641976135,
            "learning_time": 546.8740234375,
            "nrmse": 0.08595488051344685
        }
    }
}