{
    "average_accuracy": 0.9339553279910436,
    "average_error": 0.06449966450654038,
    "average_learning_time": 2.681242333984375,
    "average_nrmse": 0.06415068078239516,
    "runs": {
        "run_1": {
            "accuracy": 0.9434961742201294,
            "average_error": 0.05955517425262494,
            "learning_time": 3984.36328125,
            "nrmse": 0.06025084789425994
        },
        "run_2": {
            "accuracy": 0.9129662522202486,
            "average_error": 0.0628499726711506,
            "learning_time": 2328.119384765625,
            "nrmse": 0.057163772152951514
        },
        "run_3": {
            "accuracy": 0.9332932692307693,
            "average_error": 0.0728275462932922,
            "learning_time": 1062.4970703125,
            "nrmse": 0.07417740498220732
        },
        "run_4": {
            "accuracy": 0.9485549132947977,
            "average_error": 0.06477641473526834,
            "learning_time": 3906.238037109375,
            "nrmse": 0.06811379130692978
        },
        "run_5": {
            "accuracy": 0.9314660309892729,
            "average_error": 0.06248921458036585,
            "learning_time": 2124.993896484375,
            "nrmse": 0.06104758757562729
        }
    }
}