{
    "average_accuracy": 0.9537906939349303,
    "average_error": 0.05445345463688951,
    "average_learning_time": 2.9374909179687503,
    "average_nrmse": 0.05642425810564573,
    "runs": {
        "run_1": {
            "accuracy": 0.9698067632850241,
            "average_error": 0.049887957357951034,
            "learning_time": 2499.991943359375,
            "nrmse": 0.05461074657327156
        },
        "run_2": {
            "accuracy": 0.9441860465116279,
            "average_error": 0.06522295268693784,
            "learning_time": 4109.360595703125,
            "nrmse": 0.06782019996890269
        },
        "run_3": {
            "accuracy": 0.9335748792270532,
            "average_error": 0.056734924992693135,
            "learning_time": 2156.24365234375,
            "nrmse": 0.054878143652680886
        },
        "run_4": {
            "accuracy": 0.9618138424821002,
            "average_error": 0.052678413425700565,
            "learning_time": 3812.48876953125,
            "nrmse": 0.05616431159914766
        },
        "run_5": {
            "accuracy": 0.9595719381688466,
            "average_error": 0.04774302472116495,
            "learning_time": 2109.36962890625,
            "nrmse": 0.048647888734225854
        }
    }
}