{
    "average_accuracy": 0.9296043580578826, 
    "average_error": 0.07809966463324708, 
    "average_learning_time": 3151.3518522834124, 
    "average_nrmse": 0.07963976964220779, 
    "runs": {
        "run_1": {
            "accuracy": 0.930083899320815, 
            "average_error": 0.07756764289469088, 
            "learning_time": 3205497.4311523438, 
            "nrmse": 0.0790972565737813
        },
		"run_2": {
            "accuracy": 0.9244539102530615, 
            "average_error": 0.08381377185878142, 
            "learning_time": 3054447.5463421633, 
            "nrmse": 0.08546655757131634
        },
		"run_3": {
            "accuracy": 0.9260912281698787, 
            "average_error": 0.08199726764525955, 
            "learning_time": 3183055.2965416447, 
            "nrmse": 0.08361423236866243
        },
		"run_4": {
            "accuracy": 0.9283060592941675, 
            "average_error": 0.07954004780530874, 
            "learning_time": 3440886.8025081605, 
            "nrmse": 0.08110855679460063
        },
		"run_5": {
            "accuracy": 0.9395662345144229, 
            "average_error": 0.06704757122363862, 
            "learning_time": 2927017.7637416804, 
            "nrmse": 0.06836973183425177
        }
    }
}