{
    "average_accuracy": 0.9384376101097617, 
    "average_error": 0.07269686952330949, 
    "average_learning_time": 3186.608090788189, 
    "average_nrmse": 0.07513920724389223, 
    "runs": {
        "run_1": {
            "accuracy": 0.9381989405532666, 
            "average_error": 0.0729787060413303, 
            "learning_time": 3208296.91796875, 
            "nrmse": 0.07543051239465491
        },
		"run_2": {
            "accuracy": 0.9380931658830418, 
            "average_error": 0.07310361164382409, 
            "learning_time": 3396143.157544331, 
            "nrmse": 0.0755596143492954
        },
		"run_3": {
            "accuracy": 0.9385270876386587, 
            "average_error": 0.07259120864407637, 
            "learning_time": 3044800.890306256, 
            "nrmse": 0.07502999656185971
        },
		"run_4": {
            "accuracy": 0.9408563242407106, 
            "average_error": 0.06984069474021083, 
            "learning_time": 3176189.1218591426, 
            "nrmse": 0.0721870758748349
        },
		"run_5": {
            "accuracy": 0.9362738626766353, 
            "average_error": 0.07525196306512666, 
            "learning_time": 3129299.1934430273, 
            "nrmse": 0.07778014218957888
        }
    }
}