{
    "average_accuracy": 0.9434589074660217,
    "average_error": 0.07067156700343122,
    "average_learning_time": 557.5937450195312,
    "average_nrmse": 0.07409713657178343,
    "runs": {
        "run_1": {
            "accuracy": 0.9449082302911763,
            "average_error": 0.07423224282994122,
            "learning_time": 564931.3291015625,
            "nrmse": 0.0788723575259697
        },
        "run_2": {
            "accuracy": 0.936550469159784,
            "average_error": 0.07152636535895612,
            "learning_time": 553659.2038574219,
            "nrmse": 0.07348438584834768
        },
        "run_3": {
            "accuracy": 0.9388677936065637,
            "average_error": 0.06797819899809233,
            "learning_time": 560543.0268554688,
            "nrmse": 0.06963783356891806
        },
        "run_4": {
            "accuracy": 0.949585559410264,
            "average_error": 0.071170007275343,
            "learning_time": 559934.8193359375,
            "nrmse": 0.07620165980518714
        },
        "run_5": {
            "accuracy": 0.9473824848623202,
            "average_error": 0.06845102055482344,
            "learning_time": 548900.3459472656,
            "nrmse": 0.07228944611049466
        }
    }
}