{
    "average_accuracy": 0.944531540142578,
    "average_error": 0.06617002110235363,
    "average_learning_time": 561.1612327636719,
    "average_nrmse": 0.06876433897991283,
    "runs": {
        "run_1": {
            "accuracy": 0.9440644745435683,
            "average_error": 0.06655689815396967,
            "learning_time": 580950.6228027344,
            "nrmse": 0.06913177638367585
        },
        "run_2": {
            "accuracy": 0.9277064510538056,
            "average_error": 0.06558246507399713,
            "learning_time": 556596.2365722656,
            "nrmse": 0.06395553565043414
        },
        "run_3": {
            "accuracy": 0.9383813229251672,
            "average_error": 0.06712535797951073,
            "learning_time": 558215.1906738281,
            "nrmse": 0.06846031092609933
        },
        "run_4": {
            "accuracy": 0.9693658892017348,
            "average_error": 0.06429613938113177,
            "learning_time": 553600.0053710938,
            "nrmse": 0.0724566311587964
        },
        "run_5": {
            "accuracy": 0.9431395629886139,
            "average_error": 0.06728924492315887,
            "learning_time": 556444.1083984375,
            "nrmse": 0.06981744078055835
        }
    }
}