{
  "average_learning_time": 25229.0921,
  "average_test_LL": -1272.4033690126205,
  "average_train_BIC": -12064.570422371924,
  "folds": {
    "fold_1": {
      "test_LL": -349.67045985362233,
      "train_BIC": -14345.046527457405,
      "learning_time": 27100657
    },
    "fold_2": {
      "test_LL": -409.40286288065636,
      "train_BIC": -15018.13758228561,
      "learning_time": 25007540
    },
    "fold_3": {
      "test_LL": -1221.3482836313754,
      "train_BIC": -14352.233438544961,
      "learning_time": 24789688
    },
    "fold_4": {
      "test_LL": -772.9971231635254,
      "train_BIC": -11415.863727811971,
      "learning_time": 25780333
    },
    "fold_5": {
      "test_LL": -1416.7769614464546,
      "train_BIC": -11205.013971699045,
      "learning_time": 24904564
    },
    "fold_6": {
      "test_LL": -2622.401350946245,
      "train_BIC": -10515.071305838583,
      "learning_time": 23914327
    },
    "fold_7": {
      "test_LL": -1702.8414066412822,
      "train_BIC": -10082.176138087345,
      "learning_time": 26317707
    },
    "fold_8": {
      "test_LL": -1688.9150885959486,
      "train_BIC": -10862.020521277309,
      "learning_time": 23452166
    },
    "fold_9": {
      "test_LL": -969.0739523340367,
      "train_BIC": -11207.957788099127,
      "learning_time": 25020325
    },
    "fold_10": {
      "test_LL": -1570.6062006330592,
      "train_BIC": -11642.183222617867,
      "learning_time": 26003614
    }
  }
}