{
  "average_learning_time": 169021.62540000002,
  "average_test_LL": -1321.1093095240578,
  "average_train_BIC": -12299.270238714978,
  "folds": {
    "fold_1": {
      "test_LL": -1140.0702484666017,
      "train_BIC": -12292.452648672555,
      "learning_time": 204997699
    },
    "fold_2": {
      "test_LL": -1330.872892364431,
      "train_BIC": -11988.285856864191,
      "learning_time": 221425824
    },
    "fold_3": {
      "test_LL": -1746.877164774962,
      "train_BIC": -12058.085826226928,
      "learning_time": 188840208
    },
    "fold_4": {
      "test_LL": -1859.8208942880285,
      "train_BIC": -12223.53181778657,
      "learning_time": 121065666
    },
    "fold_5": {
      "test_LL": -1357.7578048926114,
      "train_BIC": -12301.467038665724,
      "learning_time": 131481439
    },
    "fold_6": {
      "test_LL": -1277.852222570308,
      "train_BIC": -12826.525668794677,
      "learning_time": 138067618
    },
    "fold_7": {
      "test_LL": -1051.4232693626577,
      "train_BIC": -12404.111946960295,
      "learning_time": 168415425
    },
    "fold_8": {
      "test_LL": -1215.8818573237622,
      "train_BIC": -12413.799947908079,
      "learning_time": 139657946
    },
    "fold_9": {
      "test_LL": -1022.8405772992099,
      "train_BIC": -12487.496892462763,
      "learning_time": 180199515
    },
    "fold_10": {
      "test_LL": -1207.6961638980044,
      "train_BIC": -11996.944742807986,
      "learning_time": 196064914
    }
  }
}