{
    "average_learning_time": 48.652206396484374,
    "average_test_LL": -43911.89251782828,
    "folds": {
        "fold_1": {
            "learning_time": 48800.25048828125,
            "test_LL": -40962.52154896498
        },
        "fold_10": {
            "learning_time": 48125.8095703125,
            "test_LL": -48403.959971155025
        },
        "fold_2": {
            "learning_time": 48373.570556640625,
            "test_LL": -44197.36829892491
        },
        "fold_3": {
            "learning_time": 48341.49755859375,
            "test_LL": -45840.990741030204
        },
        "fold_4": {
            "learning_time": 48705.056396484375,
            "test_LL": -42835.056604675076
        },
        "fold_5": {
            "learning_time": 48575.837890625,
            "test_LL": -44792.64555739175
        },
        "fold_6": {
            "learning_time": 48623.982666015625,
            "test_LL": -42331.20493398642
        },
        "fold_7": {
            "learning_time": 48916.99609375,
            "test_LL": -44013.918387648635
        },
        "fold_8": {
            "learning_time": 49131.8740234375,
            "test_LL": -42147.99841016702
        },
        "fold_9": {
            "learning_time": 48927.188720703125,
            "test_LL": -43593.26072433876
        }
    }
}