{
  "average_learning_time": 1.4538,
  "average_test_LL": -92.31376710353035,
  "average_train_BIC": -990.9471553628861,
  "folds": {
    "fold_1": {
      "test_LL": -64.56200320040858,
      "train_BIC": -1016.1256773507803,
      "learning_time": 1450
    },
    "fold_2": {
      "test_LL": -61.71614415547859,
      "train_BIC": -1019.5594326812437,
      "learning_time": 1415
    },
    "fold_3": {
      "test_LL": -77.08119716885345,
      "train_BIC": -1007.9592255530496,
      "learning_time": 1466
    },
    "fold_4": {
      "test_LL": -97.54512453985899,
      "train_BIC": -986.7149528118122,
      "learning_time": 1637
    },
    "fold_5": {
      "test_LL": -103.90275773742445,
      "train_BIC": -972.2617193996725,
      "learning_time": 1435
    },
    "fold_6": {
      "test_LL": -92.76492812408559,
      "train_BIC": -985.8609035976795,
      "learning_time": 1416
    },
    "fold_7": {
      "test_LL": -107.4604712534456,
      "train_BIC": -991.9866641762405,
      "learning_time": 1301
    },
    "fold_8": {
      "test_LL": -87.15738842196635,
      "train_BIC": -996.6157124584812,
      "learning_time": 1400
    },
    "fold_9": {
      "test_LL": -124.2363505951007,
      "train_BIC": -958.6883995520893,
      "learning_time": 1518
    },
    "fold_10": {
      "test_LL": -106.71130583868126,
      "train_BIC": -973.698866047809,
      "learning_time": 1500
    }
  }
}