{
  "average_learning_time": 14.447799999999999,
  "average_test_LL": -89.82293675665177,
  "average_train_BIC": -1019.6317856896588,
  "folds": {
    "fold_1": {
      "test_LL": -95.06019455890245,
      "train_BIC": -1352.275570746443,
      "learning_time": 36415
    },
    "fold_2": {
      "test_LL": -87.74928873308055,
      "train_BIC": -877.6794014712605,
      "learning_time": 446
    },
    "fold_3": {
      "test_LL": -86.35220565196757,
      "train_BIC": -879.6152688360539,
      "learning_time": 2042
    },
    "fold_4": {
      "test_LL": -85.85160087781192,
      "train_BIC": -879.3711158580873,
      "learning_time": 7988
    },
    "fold_5": {
      "test_LL": -93.43909961218596,
      "train_BIC": -872.5003842758028,
      "learning_time": 8868
    },
    "fold_6": {
      "test_LL": -88.16240440189424,
      "train_BIC": -877.1461638937676,
      "learning_time": 3708
    },
    "fold_7": {
      "test_LL": -88.72546432653388,
      "train_BIC": -876.7609210882492,
      "learning_time": 8179
    },
    "fold_8": {
      "test_LL": -98.43118577387803,
      "train_BIC": -1345.5999101719972,
      "learning_time": 35945
    },
    "fold_9": {
      "test_LL": -78.69806702489528,
      "train_BIC": -887.7110188429326,
      "learning_time": 8164
    },
    "fold_10": {
      "test_LL": -95.75985660536773,
      "train_BIC": -1347.658101711995,
      "learning_time": 32723
    }
  }
}