{
  "average_learning_time": 2.1826999999999996,
  "average_test_LL": -380.1584160809093,
  "average_train_BIC": -3443.8424237311374,
  "folds": {
    "fold_1": {
      "test_LL": -375.95737548463376,
      "train_BIC": -3447.95073905482,
      "learning_time": 2192
    },
    "fold_2": {
      "test_LL": -373.4345891262162,
      "train_BIC": -3450.3026195524635,
      "learning_time": 2227
    },
    "fold_3": {
      "test_LL": -383.7168345722994,
      "train_BIC": -3439.926297926064,
      "learning_time": 2973
    },
    "fold_4": {
      "test_LL": -362.2598631014259,
      "train_BIC": -3461.660160751866,
      "learning_time": 2206
    },
    "fold_5": {
      "test_LL": -392.71190314110004,
      "train_BIC": -3431.3793799908103,
      "learning_time": 2081
    },
    "fold_6": {
      "test_LL": -374.0876115485097,
      "train_BIC": -3449.9301953666954,
      "learning_time": 2065
    },
    "fold_7": {
      "test_LL": -395.54390027149714,
      "train_BIC": -3429.863659820149,
      "learning_time": 2112
    },
    "fold_8": {
      "test_LL": -355.2132742238459,
      "train_BIC": -3468.7178868593787,
      "learning_time": 1996
    },
    "fold_9": {
      "test_LL": -383.0850707250538,
      "train_BIC": -3440.7489184533083,
      "learning_time": 2053
    },
    "fold_10": {
      "test_LL": -405.5737386145114,
      "train_BIC": -3417.9443795358234,
      "learning_time": 1922
    }
  }
}