{
    "average_learning_time": 379.98323515625003,
    "average_test_LL": 1584.4248453270413,
    "folds": {
        "fold_1": {
            "learning_time": 369588.5263671875,
            "test_LL": 1721.6977393843406
        },
        "fold_10": {
            "learning_time": 358092.5461425781,
            "test_LL": 1891.6679435626866
        },
        "fold_2": {
            "learning_time": 365191.8220214844,
            "test_LL": 1726.9763954689604
        },
        "fold_3": {
            "learning_time": 381218.17724609375,
            "test_LL": 1792.897916044102
        },
        "fold_4": {
            "learning_time": 409503.58642578125,
            "test_LL": 1726.1572207420645
        },
        "fold_5": {
            "learning_time": 423167.8205566406,
            "test_LL": 1702.3528660195343
        },
        "fold_6": {
            "learning_time": 435722.3195800781,
            "test_LL": 1436.1750791933355
        },
        "fold_7": {
            "learning_time": 333717.2551269531,
            "test_LL": 1354.3308827964272
        },
        "fold_8": {
            "learning_time": 370002.4401855469,
            "test_LL": 1360.2936339417806
        },
        "fold_9": {
            "learning_time": 353627.85791015625,
            "test_LL": 1131.6987761171806
        }
    }
}