{
    "average_learning_time": 1580.7439493652344,
    "average_nrmse": 0.13105837912526613,
    "runs": {
        "run_1": {
            "learning_time": 1791314.5007324219,
            "nrmse": 0.13073920217033455
        },
        "run_2": {
            "learning_time": 1679229.1645507812,
            "nrmse": 0.13120446743567335
        },
        "run_3": {
            "learning_time": 1516541.9340820312,
            "nrmse": 0.13112420269894426
        },
        "run_4": {
            "learning_time": 1439707.8139648438,
            "nrmse": 0.1311621070612244
        },
        "run_5": {
            "learning_time": 1476926.3334960938,
            "nrmse": 0.13106191626015423
        }
    }
}