{
    "average_learning_time": 10.51803017578125,
    "average_nrmse": 0.1279082242671162,
    "runs": {
        "run_1": {
            "learning_time": 10538.26123046875,
            "nrmse": 0.12751603364988626
        },
        "run_2": {
            "learning_time": 10548.5625,
            "nrmse": 0.12829641235151304
        },
        "run_3": {
            "learning_time": 10472.8994140625,
            "nrmse": 0.1280771526185
        },
        "run_4": {
            "learning_time": 10751.642333984375,
            "nrmse": 0.12764330184972433
        },
        "run_5": {
            "learning_time": 10278.785400390625,
            "nrmse": 0.12800822086595748
        }
    }
}