{
    "average_learning_time": 2.64979404296875,
    "average_nrmse": 0.1386511575456292,
    "runs": {
        "run_1": {
            "learning_time": 2675.942626953125,
            "nrmse": 0.13669762363563673
        },
        "run_2": {
            "learning_time": 1951.79150390625,
            "nrmse": 0.13974298563739995
        },
        "run_3": {
            "learning_time": 2911.160400390625,
            "nrmse": 0.13915272565465348
        },
        "run_4": {
            "learning_time": 2518.3056640625,
            "nrmse": 0.13818632357888316
        },
        "run_5": {
            "learning_time": 3191.77001953125,
            "nrmse": 0.13947612922157276
        }
    }
}