{
    "average_learning_time": 3.94058056640625,
    "average_nrmse": 0.13843368449495713,
    "runs": {
        "run_1": {
            "learning_time": 3610.9814453125,
            "nrmse": 0.1379610638390744
        },
        "run_2": {
            "learning_time": 4277.267333984375,
            "nrmse": 0.13874029687229592
        },
        "run_3": {
            "learning_time": 3705.723388671875,
            "nrmse": 0.1387444578431869
        },
        "run_4": {
            "learning_time": 3631.04052734375,
            "nrmse": 0.1382768702203429
        },
        "run_5": {
            "learning_time": 4477.89013671875,
            "nrmse": 0.13844573369988555
        }
    }
}