{
    "average_learning_time": 9.194627099609376,
    "average_nrmse": 0.12681710277867497,
    "runs": {
        "run_1": {
            "learning_time": 9515.401611328125,
            "nrmse": 0.12679337043794647
        },
        "run_2": {
            "learning_time": 7929.199951171875,
            "nrmse": 0.12710466055994546
        },
        "run_3": {
            "learning_time": 9663.31298828125,
            "nrmse": 0.12707724438243
        },
        "run_4": {
            "learning_time": 9371.3427734375,
            "nrmse": 0.12608733004687814
        },
        "run_5": {
            "learning_time": 9493.878173828125,
            "nrmse": 0.12702290846617478
        }
    }
}