{
  "average_nrmse": 0.1502866763272817,
  "average_learning_time": 0.015,
  "runs": {
    "run_1": {
      "nrmse": 0.15001153274292992,
      "learning_time": 11
    },
    "run_2": {
      "nrmse": 0.15031365643284972,
      "learning_time": 13
    },
    "run_3": {
      "nrmse": 0.1505842972195792,
      "learning_time": 15
    },
    "run_4": {
      "nrmse": 0.1502092424646242,
      "learning_time": 12
    },
    "run_5": {
      "nrmse": 0.15031465277642544,
      "learning_time": 24
    }
  }
}