{
    "average_learning_time": 1597.9078291503906,
    "average_nrmse": 0.13006279009202193,
    "runs": {
        "run_1": {
            "learning_time": 1535296.3940429688,
            "nrmse": 0.12992272152685827
        },
        "run_2": {
            "learning_time": 1412947.5666503906,
            "nrmse": 0.1305570193876619
        },
        "run_3": {
            "learning_time": 1512157.4460449219,
            "nrmse": 0.1300828935104321
        },
        "run_4": {
            "learning_time": 1797815.9138183594,
            "nrmse": 0.12967151970425145
        },
        "run_5": {
            "learning_time": 1731321.8251953125,
            "nrmse": 0.13007979633090597
        }
    }
}