{
    "average_learning_time": 6.72104501953125,
    "average_nrmse": 0.14065492834845225,
    "runs": {
        "run_1": {
            "learning_time": 6830.14208984375,
            "nrmse": 0.14033363476211225
        },
        "run_2": {
            "learning_time": 5845.276123046875,
            "nrmse": 0.1404687676367074
        },
        "run_3": {
            "learning_time": 8101.98046875,
            "nrmse": 0.1433794944558966
        },
        "run_4": {
            "learning_time": 6790.190673828125,
            "nrmse": 0.1401445103675236
        },
        "run_5": {
            "learning_time": 6037.6357421875,
            "nrmse": 0.13894823452002147
        }
    }
}