{
    "average_learning_time": 1032.2116502929687,
    "average_nrmse": 0.13433414980797023,
    "runs": {
        "run_1": {
            "learning_time": 1029145.9343261719,
            "nrmse": 0.13392943256271284
        },
        "run_2": {
            "learning_time": 1027908.4958496094,
            "nrmse": 0.13411981903455694
        },
        "run_3": {
            "learning_time": 1027747.431640625,
            "nrmse": 0.13488508403851934
        },
        "run_4": {
            "learning_time": 1034138.6118164062,
            "nrmse": 0.13459610754989093
        },
        "run_5": {
            "learning_time": 1042117.7778320312,
            "nrmse": 0.1341403058541711
        }
    }
}