{
    "average_learning_time": 1100.7491104492187,
    "average_nrmse": 0.13249364205186265,
    "runs": {
        "run_1": {
            "learning_time": 1332619.5900878906,
            "nrmse": 0.13234668930791718
        },
        "run_2": {
            "learning_time": 1047453.0876464844,
            "nrmse": 0.1326273141939415
        },
        "run_3": {
            "learning_time": 1044289.9892578125,
            "nrmse": 0.1327072193521388
        },
        "run_4": {
            "learning_time": 1039935.5305175781,
            "nrmse": 0.13235440595499495
        },
        "run_5": {
            "learning_time": 1039447.3547363281,
            "nrmse": 0.1324325814503208
        }
    }
}