{
    "average_learning_time": 12.972707177734375,
    "average_nrmse": 0.12707884973428948,
    "runs": {
        "run_1": {
            "learning_time": 13199.0888671875,
            "nrmse": 0.1267241662091096
        },
        "run_2": {
            "learning_time": 12778.020751953125,
            "nrmse": 0.12755221733774427
        },
        "run_3": {
            "learning_time": 12836.544189453125,
            "nrmse": 0.12728973673538427
        },
        "run_4": {
            "learning_time": 12925.886474609375,
            "nrmse": 0.1265070305009196
        },
        "run_5": {
            "learning_time": 13123.99560546875,
            "nrmse": 0.12732109788828966
        }
    }
}