{
    "average_learning_time": 1046.6821882812499,
    "average_nrmse": 0.1376340179896478,
    "runs": {
        "run_1": {
            "learning_time": 1047609.5769042969,
            "nrmse": 0.13728316568815305
        },
        "run_2": {
            "learning_time": 1049697.9936523438,
            "nrmse": 0.13733988324128552
        },
        "run_3": {
            "learning_time": 1047857.9357910156,
            "nrmse": 0.1380967635142022
        },
        "run_4": {
            "learning_time": 1050116.3015136719,
            "nrmse": 0.13725106341535498
        },
        "run_5": {
            "learning_time": 1038129.1335449219,
            "nrmse": 0.13819921408924332
        }
    }
}