{
  "average_nrmse": 0.15036810756878505,
  "average_learning_time": 0.0156,
  "runs": {
    "run_1": {
      "nrmse": 0.14979551274846137,
      "learning_time": 12
    },
    "run_2": {
      "nrmse": 0.15083987208924343,
      "learning_time": 18
    },
    "run_3": {
      "nrmse": 0.15053888298740944,
      "learning_time": 12
    },
    "run_4": {
      "nrmse": 0.1500088935851938,
      "learning_time": 21
    },
    "run_5": {
      "nrmse": 0.15065737643361723,
      "learning_time": 15
    }
  }
}