{
    "average_learning_time": 1495.970588720703,
    "average_nrmse": 0.12923209238441027,
    "runs": {
        "run_1": {
            "learning_time": 1479520.31640625,
            "nrmse": 0.12948370445391505
        },
        "run_2": {
            "learning_time": 1492859.6909179688,
            "nrmse": 0.1295804401808431
        },
        "run_3": {
            "learning_time": 1478359.2478027344,
            "nrmse": 0.12936756756083517
        },
        "run_4": {
            "learning_time": 1525551.2849121094,
            "nrmse": 0.12829709527007865
        },
        "run_5": {
            "learning_time": 1503562.4035644531,
            "nrmse": 0.1294316544563794
        }
    }
}