{
  "average_nrmse": 0.13198535178527301,
  "average_learning_time": 2205.3944,
  "runs": {
    "run_1": {
      "nrmse": 0.13174224612608512,
      "learning_time": 2098950
    },
    "run_2": {
      "nrmse": 0.1317622125807955,
      "learning_time": 2060560
    },
    "run_3": {
      "nrmse": 0.1323374260330294,
      "learning_time": 1749674
    },
    "run_4": {
      "nrmse": 0.13219734777246758,
      "learning_time": 2820827
    },
    "run_5": {
      "nrmse": 0.1318875264139875,
      "learning_time": 2296961
    }
  }
}