{
    "average_learning_time": 12.816888378906249,
    "average_nrmse": 0.08917388244455415,
    "runs": {
        "run_1": {
            "learning_time": 10663.756103515625,
            "nrmse": 0.08894229118675379
        },
        "run_2": {
            "learning_time": 8565.140869140625,
            "nrmse": 0.08978937281046806
        },
        "run_3": {
            "learning_time": 11937.078125,
            "nrmse": 0.08854501286741089
        },
        "run_4": {
            "learning_time": 15252.6943359375,
            "nrmse": 0.0899214617869388
        },
        "run_5": {
            "learning_time": 17665.7724609375,
            "nrmse": 0.08867127357119921
        }
    }
}