{
    "average_learning_time": 19.298178662109375,
    "average_nrmse": 0.0824656890975392,
    "runs": {
        "run_1": {
            "learning_time": 19315.737548828125,
            "nrmse": 0.0820913973363287
        },
        "run_2": {
            "learning_time": 19672.483154296875,
            "nrmse": 0.08318926594759202
        },
        "run_3": {
            "learning_time": 19482.169189453125,
            "nrmse": 0.08224091247117885
        },
        "run_4": {
            "learning_time": 18793.114013671875,
            "nrmse": 0.08386413668706878
        },
        "run_5": {
            "learning_time": 19227.389404296875,
            "nrmse": 0.08094273304552763
        }
    }
}