{
  "average_nrmse": 0.12813289681195889,
  "average_learning_time": 0.0074,
  "runs": {
    "run_1": {
      "nrmse": 0.1281898467995291,
      "learning_time": 8
    },
    "run_2": {
      "nrmse": 0.12962394503191368,
      "learning_time": 8
    },
    "run_3": {
      "nrmse": 0.1258534155888655,
      "learning_time": 8
    },
    "run_4": {
      "nrmse": 0.12881589043858488,
      "learning_time": 6
    },
    "run_5": {
      "nrmse": 0.12818138620090108,
      "learning_time": 7
    }
  }
}