{
    "average_learning_time": 5785.892739700067, 
    "average_nrmse": 0.10982906453631298, 
    "runs": {
        "run_1": {
            "learning_time": 5810880.5830078125, 
            "nrmse": 0.10983648288458683
        },
		"run_2": {
            "learning_time": 5724317.921363229, 
            "nrmse": 0.1098718197857359
        },
		"run_3": {
            "learning_time": 5836104.9352488825, 
            "nrmse": 0.10965676360652457
        },
		"run_4": {
            "learning_time": 5771658.605138651, 
            "nrmse": 0.11067588044221166
        },
		"run_5": {
            "learning_time": 5786501.65374176, 
            "nrmse": 0.10910437596250594
        }
    }
}