{
    "average_learning_time": 6006.448717268881, 
    "average_nrmse": 0.10397319048233038, 
    "runs": {
        "run_1": {
            "learning_time": 5946247.649169922, 
            "nrmse": 0.10391110853166598
        },
		"run_2": {
            "learning_time": 6030235.888232872, 
            "nrmse": 0.10453232575634752
        },
		"run_3": {
            "learning_time": 5897025.472962185, 
            "nrmse": 0.10422492870907635
        },
		"run_4": {
            "learning_time": 6249593.935698177, 
            "nrmse": 0.10432239742055496
        },
		"run_5": {
            "learning_time": 5909140.640281248, 
            "nrmse": 0.10287519199400705
        }
    }
}