{
    "average_learning_time": 851.7228909179687,
    "average_nrmse": 0.90809624,
    "runs": {
        "run_1": {
            "learning_time": 878770.3833007812,
            "nrmse": 0.90809624
        }
    }
}