{
  "average_nrmse": 0.08476515841164144,
  "average_learning_time": 455.3602,
  "runs": {
    "run_1": {
      "nrmse": 0.0840581826160336,
      "learning_time": 402783
    },
    "run_2": {
      "nrmse": 0.08518180836259817,
      "learning_time": 507510
    },
    "run_3": {
      "nrmse": 0.08427992064127374,
      "learning_time": 472989
    },
    "run_4": {
      "nrmse": 0.086272623434457,
      "learning_time": 414280
    },
    "run_5": {
      "nrmse": 0.08403325700384466,
      "learning_time": 479239
    }
  }
}