{
    "average_learning_time": 843.9154907714843,
    "average_nrmse": 0.90782487,
    "runs": {
        "run_1": {
            "learning_time": 837141.3037109375,
            "nrmse": 0.90782487
        }
    }
}