{
    "average_learning_time": 10.188907666015623,
    "average_nrmse": 0.09506745590265783,
    "runs": {
        "run_1": {
            "learning_time": 8350.380859375,
            "nrmse": 0.09388531404884688
        },
        "run_2": {
            "learning_time": 11690.97998046875,
            "nrmse": 0.09592974647336507
        },
        "run_3": {
            "learning_time": 9657.945068359375,
            "nrmse": 0.09503358752655104
        },
        "run_4": {
            "learning_time": 5013.4111328125,
            "nrmse": 0.09636655627102932
        },
        "run_5": {
            "learning_time": 16231.8212890625,
            "nrmse": 0.09412207519349688
        }
    }
}