{
    "average_learning_time": 6.602368798828126,
    "average_nrmse": 0.10349136146987029,
    "runs": {
        "run_1": {
            "learning_time": 4893.59423828125,
            "nrmse": 0.10446819401009308
        },
        "run_2": {
            "learning_time": 5996.583984375,
            "nrmse": 0.10239136988617593
        },
        "run_3": {
            "learning_time": 8729.204345703125,
            "nrmse": 0.10411366439039615
        },
        "run_4": {
            "learning_time": 6687.700927734375,
            "nrmse": 0.10379664145143283
        },
        "run_5": {
            "learning_time": 6704.760498046875,
            "nrmse": 0.1026869376112534
        }
    }
}