{
    "average_learning_time": 18.465830175781253,
    "average_nrmse": 0.07250799150230888,
    "runs": {
        "run_1": {
            "learning_time": 18838.02734375,
            "nrmse": 0.0737619496164668
        },
        "run_2": {
            "learning_time": 18176.259521484375,
            "nrmse": 0.07218683894285596
        },
        "run_3": {
            "learning_time": 18628.623291015625,
            "nrmse": 0.07239707195807062
        },
        "run_4": {
            "learning_time": 18623.308349609375,
            "nrmse": 0.07302961079844524
        },
        "run_5": {
            "learning_time": 18062.932373046875,
            "nrmse": 0.0711644861957059
        }
    }
}