{
    "average_learning_time": 5743.609487703457, 
    "average_nrmse": 0.100182531639298, 
    "runs": {
        "run_1": {
            "learning_time": 5851046.170166016, 
            "nrmse": 0.10001429739915364
        },
		"run_2": {
            "learning_time": 5747218.496311519, 
            "nrmse": 0.10067935438775152
        },
		"run_3": {
            "learning_time": 5616035.469372805, 
            "nrmse": 0.09950645790776838
        },
		"run_4": {
            "learning_time": 5781956.185670974, 
            "nrmse": 0.1001081551955327
        },
		"run_5": {
            "learning_time": 5721791.116995972, 
            "nrmse": 0.1006043933062837
        }
    }
}