{
    "average_learning_time": 13.87464658203125,
    "average_nrmse": 0.08482382816260119,
    "runs": {
        "run_1": {
            "learning_time": 17687.55126953125,
            "nrmse": 0.0831040945958538
        },
        "run_2": {
            "learning_time": 10760.3798828125,
            "nrmse": 0.08615959268996239
        },
        "run_3": {
            "learning_time": 8940.970703125,
            "nrmse": 0.08464891230958145
        },
        "run_4": {
            "learning_time": 14419.75390625,
            "nrmse": 0.08555804184833456
        },
        "run_5": {
            "learning_time": 17564.5771484375,
            "nrmse": 0.08464849936927378
        }
    }
}