{
  "average_accuracy": 0.922824656229871,
  "average_learning_time": 13532.6394,
  "runs": {
    "run_1": {
      "accuracy": 0.9230543030778279,
      "learning_time": 17396406
    },
    "run_2": {
      "accuracy": 0.9235864116279721,
      "learning_time": 13699446
    },
    "run_3": {
      "accuracy": 0.9231663259304899,
      "learning_time": 11968739
    },
    "run_4": {
      "accuracy": 0.9217940459853811,
      "learning_time": 12619732
    },
    "run_5": {
      "accuracy": 0.9225221945276837,
      "learning_time": 11978874
    }
  }
}