{
    "average_learning_time": 1.4717090820312502,
    "average_test_LL": -82609.06901893951,
    "folds": {
        "fold_1": {
            "learning_time": 1413.267333984375,
            "test_LL": -82731.49118575195
        },
        "fold_10": {
            "learning_time": 1507.343994140625,
            "test_LL": -86585.0204367975
        },
        "fold_2": {
            "learning_time": 1437.198486328125,
            "test_LL": -82214.4840111791
        },
        "fold_3": {
            "learning_time": 1483.940673828125,
            "test_LL": -80506.55793232966
        },
        "fold_4": {
            "learning_time": 1453.77880859375,
            "test_LL": -82778.45773251053
        },
        "fold_5": {
            "learning_time": 1519.361083984375,
            "test_LL": -86262.69724878942
        },
        "fold_6": {
            "learning_time": 1557.075927734375,
            "test_LL": -82592.22593316645
        },
        "fold_7": {
            "learning_time": 1436.785888671875,
            "test_LL": -79940.47231373409
        },
        "fold_8": {
            "learning_time": 1441.995361328125,
            "test_LL": -80239.08699806241
        },
        "fold_9": {
            "learning_time": 1466.34326171875,
            "test_LL": -82240.19639707386
        }
    }
}