{
    "average_accuracy": 0.703795429335011,
    "average_error": 0.04867318065949497,
    "average_learning_time": 34.78803828125,
    "average_nrmse": 0.046930001856639376,
    "runs": {
        "run_1": {
            "accuracy": 0.7097625329815304,
            "average_error": 0.04846609402789956,
            "learning_time": 29546.789794921875,
            "nrmse": 0.04676347872514906
        },
        "run_2": {
            "accuracy": 0.7112299465240641,
            "average_error": 0.04839648415815729,
            "learning_time": 38174.958740234375,
            "nrmse": 0.046703712543243354
        },
        "run_3": {
            "accuracy": 0.6901041666666666,
            "average_error": 0.0487395056465049,
            "learning_time": 31671.78369140625,
            "nrmse": 0.0469003765782878
        },
        "run_4": {
            "accuracy": 0.7157622739018088,
            "average_error": 0.04938639970951386,
            "learning_time": 39749.884521484375,
            "nrmse": 0.04773251712931191
        },
        "run_5": {
            "accuracy": 0.6921182266009852,
            "average_error": 0.04837741975539924,
            "learning_time": 34796.774658203125,
            "nrmse": 0.04654992430720476
        }
    }
}