{
    "average_accuracy": 0.59601889809281,
    "average_error": 0.10394147842030563,
    "average_learning_time": 1393.946172457339,
    "average_nrmse": 0.10182852332532759,
    "runs": {
        "run_1": {
            "accuracy": 0.6003861003861004,
            "average_error": 0.10281782817829642,
            "learning_time": 1361571.773437512,
            "nrmse": 0.10072771499917245
        },
		"run_2": {
            "accuracy": 0.5879993569245674,
            "average_error": 0.10600484960609723,
            "learning_time": 1495389.1197064528,
            "nrmse": 0.10384994965208783
        },
		"run_3": {
            "accuracy": 0.5859109530266281,
            "average_error": 0.10654218114875046,
            "learning_time": 1385140.7245624526,
            "nrmse": 0.10437635814998553
        },
		"run_4": {
            "accuracy": 0.6274992309610046,
            "average_error": 0.09584181156946558,
            "learning_time": 1464031.39081193,
            "nrmse": 0.09389350905207453
        },
		"run_5": {
            "accuracy": 0.5782988491657489,
            "average_error": 0.1085007215989185,
            "learning_time": 1263597.853768359,
            "nrmse": 0.10629508477331757
        }
    }
}