{
    "average_accuracy": 0.5515647354161819, 
    "average_error": 0.12101307076284692, 
    "average_learning_time": 46708.70698948894, 
    "average_nrmse": 0.11872340507179117, 
    "runs": {
        "run_1": {
            "accuracy": 0.5357142857142857, 
            "average_error": 0.12529041410063874, 
            "learning_time": 46712431.41113281, 
            "nrmse": 0.122919817595848
        },
		"run_2": {
            "accuracy": 0.5734389968361265, 
            "average_error": 0.11511016402433816, 
            "learning_time": 45011207.75053034, 
            "nrmse": 0.11293218612825749
        },
		"run_3": {
            "accuracy": 0.5766595978422766, 
            "average_error": 0.11424106462864761, 
            "learning_time": 48004936.056695074, 
            "nrmse": 0.11207953079977294
        },
		"run_4": {
            "accuracy": 0.5476835351605922, 
            "average_error": 0.12206043701226608, 
            "learning_time": 49542619.721705295, 
            "nrmse": 0.11975095430018817
        },
		"run_5": {
            "accuracy": 0.5243272615276282, 
            "average_error": 0.128363274048344, 
            "learning_time": 44272340.0073812, 
            "nrmse": 0.12593453653488926
        }
    }
} 