{
    "average_accuracy": 0.6482420213776936,
    "average_error": 0.09602929623983067,
    "average_learning_time": 1360.7028309641455,
    "average_nrmse": 0.09422839002586961,
    "runs": {
        "run_1": {
            "accuracy": 0.6491228070175439,
            "average_error": 0.09578884334246004,
            "learning_time": 1350534.4282226562,
            "nrmse": 0.09399244651400938
        },
		"run_2": {
            "accuracy": 0.658291683869992,
            "average_error": 0.09328575643339047,
            "learning_time": 1370904.0523077236,
            "nrmse": 0.09153630178763966
        },
		"run_3": {
            "accuracy": 0.672042221937037,
            "average_error": 0.08953188424357117,
            "learning_time": 1345313.3791400574,
            "nrmse": 0.08785282865329379
        },
		"run_4": {
            "accuracy": 0.6609947487351637,
            "average_error": 0.09254782458118432,
            "learning_time": 1381638.3345172596,
            "nrmse": 0.09081220890031355
        },
		"run_5": {
            "accuracy": 0.6007586453287312,
            "average_error": 0.1089921725985474,
            "learning_time": 1355123.9606330306,
            "nrmse": 0.10694816427409164
        }
    }
}