{
    "average_accuracy": 0.5577686948316132, 
    "average_error": 0.08914541770214612, 
    "average_learning_time": 61454.53209017392, 
    "average_nrmse": 0.08699349418659386, 
    "runs": {
        "run_1": {
            "accuracy": 0.6134020618556701, 
            "average_error": 0.08683798966771587, 
            "learning_time": 61858465.7800293, 
            "nrmse": 0.08474176625179548
        },
		"run_2": {
            "accuracy": 0.5989926401911165, 
            "average_error": 0.09007464740994398, 
            "learning_time": 63432285.56498678, 
            "nrmse": 0.08790029277778355
        },
		"run_3": {
            "accuracy": 0.6137317605319488, 
            "average_error": 0.08676393244335102, 
            "learning_time": 59128314.93013055, 
            "nrmse": 0.08466949672989157
        },
		"run_4": {
            "accuracy": 0.5960925690632499, 
            "average_error": 0.09072606409324584, 
            "learning_time": 59301340.78666334, 
            "nrmse": 0.08853598460482971
        },
		"run_5": {
            "accuracy": 0.5934285662274208, 
            "average_error": 0.09132445489647391, 
            "learning_time": 63552253.389059626, 
            "nrmse": 0.08911993056866897
        }
    }
}