{
    "average_accuracy": 0.5790863982901936, 
    "average_error": 0.10632629353367366, 
    "average_learning_time": 44665.62091355061, 
    "average_nrmse": 0.10412638228768674, 
    "runs": {
        "run_1": {
            "accuracy": 0.5846354166666666, 
            "average_error": 0.10492456511643095, 
            "learning_time": 44531722.4230957, 
            "nrmse": 0.10275365589813093
        },
		"run_2": {
            "accuracy": 0.5781006787164253, 
            "average_error": 0.10657529453605667, 
            "learning_time": 46479135.293817826, 
            "nrmse": 0.10437023141194815
        },
		"run_3": {
            "accuracy": 0.5696537032737612, 
            "average_error": 0.10870907112759493, 
            "learning_time": 45357734.602695085, 
            "nrmse": 0.10645985975977224
        },
		"run_4": {
            "accuracy": 0.5974019845837809, 
            "average_error": 0.10169962336530043, 
            "learning_time": 44020823.58949647, 
            "nrmse":0.0995954388055038
        },
		"run_5": {
            "accuracy": 0.5656402082103341, 
            "average_error": 0.10972291352298537, 
            "learning_time": 42938688.65864799, 
            "nrmse": 0.10745272556307851
        }
    }
}