{
    "average_accuracy": 0.5938060030661602, 
    "average_error": 0.10067459860026809, 
    "average_learning_time": 42562.54974526452, 
    "average_nrmse": 0.09853809931122215, 
    "runs": {
        "run_1": {
            "accuracy": 0.6074600355239786, 
            "average_error": 0.09729046627103083, 
            "learning_time": 43064876.12792969, 
            "nrmse": 0.09522578446540153
        },
		"run_2": {
            "accuracy": 0.5839943282969866, 
            "average_error": 0.10310640809631984, 
            "learning_time": 44065393.72488692, 
            "nrmse": 0.1009183013578115
        },
		"run_3": {
            "accuracy": 0.6080296376271539, 
            "average_error": 0.09714929120805131, 
            "learning_time": 41882584.67680366, 
            "nrmse": 0.0950876053957101
        },
		"run_4": {
            "accuracy": 0.5884940374508729, 
            "average_error": 0.10199116164682777, 
            "learning_time": 40823819.609810874, 
            "nrmse": 0.09982672247967883
        },
		"run_5": {
            "accuracy": 0.5810519764318085, 
            "average_error": 0.10383566577911074, 
            "learning_time": 42976074.58689147, 
            "nrmse": 0.10163208285750878
        }
    }
} 