{
    "average_accuracy": 0.5957653322816572,
    "average_error": 0.10043303520415017,
    "average_learning_time": 1290.8017898987575,
    "average_nrmse": 0.09829358708785305,
    "runs": {
        "run_1": {
            "accuracy": 0.6005025125628141,
            "average_error": 0.09925607184118267,
            "learning_time": 1358177.8474121094,
            "nrmse": 0.09714169567501363
        },
		"run_2": {
            "accuracy": 0.5858995958613042,
            "average_error": 0.10288420016437708,
            "learning_time": 1214683.9622594118,
            "nrmse": 0.10069253675610723
        },
		"run_3": {
            "accuracy": 0.5914663513636272,
            "average_error": 0.10150112692502976,
            "learning_time": 1276643.7595142242,
            "nrmse": 0.09933892606790763
        },
		"run_4": {
            "accuracy": 0.6016965392880338,
            "average_error": 0.09895941314833585,
            "learning_time": 1312602.5966968169,
            "nrmse": 0.09685135647535253
        },
		"run_5": {
            "accuracy": 0.5992616623325067,
            "average_error": 0.0995643639418255,
            "learning_time": 1291900.783611226,
            "nrmse": 0.09744342046488418
        }
    }
}