{
  "average_accuracy": 0.39998202011391487,
  "average_nrmse": 0.08654152474197777,
  "average_error": 0.09013226918354493,
  "average_learning_time": 13912.185,
  "runs": {
    "run_1": {
      "accuracy": 0.40484429065743943,
      "nrmse": 0.08584023191301203,
      "average_error": 0.08940187860832355,
      "learning_time": 13491502
    },
	"run_2": {
      "accuracy": 0.4233852977071787,
      "nrmse": 0.0831660336820843,
      "average_error": 0.08661672367236917,
      "learning_time": 13939348
    },
	"run_3": {
      "accuracy": 0.38377738275378037,
      "nrmse": 0.08887874474545683,
      "average_error": 0.09256646413357404,
      "learning_time": 13564133
    },
	"run_4": {
      "accuracy": 0.3734183685785917,
      "nrmse": 0.09037284144188382,
      "average_error": 0.09412255325992244,
      "learning_time": 14620726
    },
	"run_5": {
      "accuracy": 0.41448476087258423,
      "nrmse": 0.08444977192745183,
      "average_error": 0.0879537262435355,
      "learning_time": 13945218
    }
  }
}