{
    "average_accuracy": 0.6889017554135265,
    "average_error": 0.057769518859754856,
    "average_learning_time": 23.615549169921877,
    "average_nrmse": 0.05598551374900331,
    "runs": {
        "run_1": {
            "accuracy": 0.6833910034602076,
            "average_error": 0.05794866081171155,
            "learning_time": 22890.549560546875,
            "nrmse": 0.05612710915165465
        },
        "run_2": {
            "accuracy": 0.660245183887916,
            "average_error": 0.05733205008113732,
            "learning_time": 23499.91455078125,
            "nrmse": 0.05534315736260953
        },
        "run_3": {
            "accuracy": 0.6895306859205776,
            "average_error": 0.05749399605225916,
            "learning_time": 25453.05224609375,
            "nrmse": 0.05571247972812421
        },
        "run_4": {
            "accuracy": 0.7269565217391304,
            "average_error": 0.0580690008030201,
            "learning_time": 22890.54150390625,
            "nrmse": 0.056555096032190166
        },
        "run_5": {
            "accuracy": 0.6843853820598007,
            "average_error": 0.058003886550646123,
            "learning_time": 23343.68798828125,
            "nrmse": 0.05618972647043801
        }
    }
}