{
    "average_accuracy": 0.6688831788577978,
    "average_error": 0.06751553486397431,
    "average_learning_time": 15.376086181640625,
    "average_nrmse": 0.06565918777750791,
    "runs": {
        "run_1": {
            "accuracy": 0.6323907455012854,
            "average_error": 0.06836045415649238,
            "learning_time": 11927.4990234375,
            "nrmse": 0.0662530682385894
        },
        "run_2": {
            "accuracy": 0.6899736147757256,
            "average_error": 0.06640711608029105,
            "learning_time": 15546.83056640625,
            "nrmse": 0.06469148742434751
        },
        "run_3": {
            "accuracy": 0.667098445595855,
            "average_error": 0.06826057478390538,
            "learning_time": 13124.949951171875,
            "nrmse": 0.06639690591334031
        },
        "run_4": {
            "accuracy": 0.6861219195849546,
            "average_error": 0.06718338565207188,
            "learning_time": 18234.30908203125,
            "nrmse": 0.06544609906923404
        },
        "run_5": {
            "accuracy": 0.6688311688311688,
            "average_error": 0.06736614364711085,
            "learning_time": 18046.84228515625,
            "nrmse": 0.06550837824202832
        }
    }
}