{
    "average_accuracy": 0.6975103067430144,
    "average_error": 0.0930686094359053,
    "average_learning_time": 2029.688602586855,
    "average_nrmse": 0.09159381307096812,
    "runs": {
        "run_1": {
            "accuracy": 0.700507614213198,
            "average_error": 0.09214641193787404,
            "learning_time": 2032955.7717285156,
            "nrmse": 0.09068622902344496
        },
		"run_2": {
            "accuracy": 0.7074258454314728,
            "average_error": 0.0900178430193493,
            "learning_time": 2056809.3318185918,
            "nrmse": 0.08859139012111565
        },
		"run_3": {
            "accuracy": 0.7008775518324368,
            "average_error": 0.09203259126706083,
            "learning_time": 1910334.045371454,
            "nrmse": 0.09057421199311363
        },
		"run_4": {
            "accuracy": 0.6979299337449242,
            "average_error": 0.09293950056899154,
            "learning_time": 2069443.3400748696,
            "nrmse": 0.09146675010641347
        },
		"run_5": {
            "accuracy": 0.6808105884930403,
            "average_error": 0.09820670038625078,
            "learning_time": 2078900.5239408433,
            "nrmse": 0.09665048411075282
        }
    }
}