{
    "average_accuracy": 0.7058897695859244,
    "average_error": 0.09024558014244585,
    "average_learning_time": 2665.467567844748,
    "average_nrmse": 0.0888099135912372,
    "runs": {
        "run_1": {
            "accuracy": 0.7090909090909091,
            "average_error": 0.08926333382161056,
            "learning_time": 2695003.837158203,
            "nrmse": 0.08784329327874099
        },
		"run_2": {
            "accuracy": 0.7010063940071157,
            "average_error": 0.09174400833905287,
            "learning_time": 2622976.2271522405,
            "nrmse": 0.09028450413022308
        },
		"run_3": {
            "accuracy": 0.6950264162492621,
            "average_error": 0.0935789209200829,
            "learning_time": 2696162.559193144,
            "nrmse": 0.09209022611141632
        },
		"run_4": {
            "accuracy": 0.7109903652924443,
            "average_error": 0.08868049953318279,
            "learning_time": 2627824.018295076,
            "nrmse": 0.0872697309756168
        },
		"run_5": {
            "accuracy": 0.7133347632898908,
            "average_error": 0.08796113809830013,
            "learning_time": 2685371.1974250763,
            "nrmse": 0.0865618134601888
        }
    }
}