{
    "average_accuracy": 0.5449591280653951, 
    "average_error": 0.09440554027761441, 
    "average_learning_time": 44506.63495214844, 
    "average_nrmse": 0.09188361488141168, 
    "runs": {
        "run_1": {
            "accuracy": 0.5449591280653951, 
            "average_error": 0.09440554027761441, 
            "learning_time": 44506634.95214844, 
            "nrmse": 0.09188361488141168
        },
		"run_2": {
            "accuracy": 0.5449591280653951, 
            "average_error": 0.09440554027761441, 
            "learning_time": 44506634.95214844, 
            "nrmse": 0.09188361488141168
        },
		"run_3": {
            "accuracy": 0.5449591280653951, 
            "average_error": 0.09440554027761441, 
            "learning_time": 44506634.95214844, 
            "nrmse": 0.09188361488141168
        },
		"run_4": {
            "accuracy": 0.5449591280653951, 
            "average_error": 0.09440554027761441, 
            "learning_time": 44506634.95214844, 
            "nrmse": 0.09188361488141168
        },
		"run_5": {
            "accuracy": 0.5449591280653951, 
            "average_error": 0.09440554027761441, 
            "learning_time": 44506634.95214844, 
            "nrmse": 0.09188361488141168
        }
    }
} 