{
    "average_accuracy": 0.7282143720759507,
    "average_error": 0.03775479840104461,
    "average_learning_time": 37.43113432617187,
    "average_nrmse": 0.03610669396778402,
    "runs": {
        "run_1": {
            "accuracy": 0.7386934673366834,
            "average_error": 0.03748606069636639,
            "learning_time": 39687.366455078125,
            "nrmse": 0.035909860189556886
        },
        "run_2": {
            "accuracy": 0.735,
            "average_error": 0.03923657451617601,
            "learning_time": 39093.63671875,
            "nrmse": 0.037646691238120915
        },
        "run_3": {
            "accuracy": 0.6894736842105263,
            "average_error": 0.037729177578658575,
            "learning_time": 35843.647216796875,
            "nrmse": 0.03580807097154016
        },
        "run_4": {
            "accuracy": 0.7319587628865979,
            "average_error": 0.037813705484562504,
            "learning_time": 36218.642822265625,
            "nrmse": 0.03619238483928899
        },
        "run_5": {
            "accuracy": 0.745945945945946,
            "average_error": 0.03650847372945959,
            "learning_time": 36312.37841796875,
            "nrmse": 0.03497646260041315
        }
    }
}