{
    "average_accuracy": 0.647577648420514,
    "average_error": 0.07826638566950347,
    "average_learning_time": 18.14772236328125,
    "average_nrmse": 0.07633570985323598,
    "runs": {
        "run_1": {
            "accuracy": 0.6202270381836945,
            "average_error": 0.07907919933353025,
            "learning_time": 17765.574951171875,
            "nrmse": 0.07696163762590508
        },
        "run_2": {
            "accuracy": 0.6649537512846866,
            "average_error": 0.07805025740132163,
            "learning_time": 27234.293701171875,
            "nrmse": 0.0762404264765752
        },
        "run_3": {
            "accuracy": 0.6742976066597295,
            "average_error": 0.07814463519962007,
            "learning_time": 14921.8095703125,
            "nrmse": 0.07640127070567183
        },
        "run_4": {
            "accuracy": 0.6427104722792608,
            "average_error": 0.0780165051657172,
            "learning_time": 18176.343994140625,
            "nrmse": 0.07604979373927338
        },
        "run_5": {
            "accuracy": 0.6356993736951984,
            "average_error": 0.07804133124732825,
            "learning_time": 12640.589599609375,
            "nrmse": 0.07602542071875448
        }
    }
}