{
    "average_learning_time": 8.665339477539062,
    "average_test_LL": -1106.1010031314127,
    "folds": {
        "fold_1": {
            "learning_time": 9286.46484375,
            "test_LL": -1091.6599817528656
        },
        "fold_10": {
            "learning_time": 8288.549560546875,
            "test_LL": -1064.0719601019928
        },
        "fold_2": {
            "learning_time": 7270.82861328125,
            "test_LL": -1200.1959019334395
        },
        "fold_3": {
            "learning_time": 8303.11962890625,
            "test_LL": -1042.381159787025
        },
        "fold_4": {
            "learning_time": 8059.591064453125,
            "test_LL": -1001.7177945641836
        },
        "fold_5": {
            "learning_time": 9246.63525390625,
            "test_LL": -1121.9057193734816
        },
        "fold_6": {
            "learning_time": 9176.9482421875,
            "test_LL": -1051.8952918967072
        },
        "fold_7": {
            "learning_time": 8192.84521484375,
            "test_LL": -1377.844326199027
        },
        "fold_8": {
            "learning_time": 9952.916748046875,
            "test_LL": -899.0398191828947
        },
        "fold_9": {
            "learning_time": 8875.49560546875,
            "test_LL": -1210.298076522511
        }
    }
}