{
  "average_learning_time": 1849.9825,
  "average_test_LL": -9287.313293546938,
  "average_train_BIC": -84090.16836128006,
  "folds": {
    "fold_1": {
      "test_LL": -9852.014670066414,
      "train_BIC": -84835.06284609788,
      "learning_time": 1571975
    },
    "fold_2": {
      "test_LL": -9490.452743187281,
      "train_BIC": -82697.5577210622,
      "learning_time": 1740219
    },
    "fold_3": {
      "test_LL": -9455.630736210802,
      "train_BIC": -85839.84810492858,
      "learning_time": 1318904
    },
    "fold_4": {
      "test_LL": -8888.442049948833,
      "train_BIC": -86226.23712834055,
      "learning_time": 1304656
    },
    "fold_5": {
      "test_LL": -9493.543371319001,
      "train_BIC": -85142.32989238684,
      "learning_time": 1394065
    },
    "fold_6": {
      "test_LL": -9293.387766391492,
      "train_BIC": -86800.18330383438,
      "learning_time": 1229893
    },
    "fold_7": {
      "test_LL": -9278.501495768845,
      "train_BIC": -86007.16326960015,
      "learning_time": 1201799
    },
    "fold_8": {
      "test_LL": -8557.967479273777,
      "train_BIC": -81057.85944927747,
      "learning_time": 2992300
    },
    "fold_9": {
      "test_LL": -9084.474868967425,
      "train_BIC": -81033.57935948248,
      "learning_time": 2941500
    },
    "fold_10": {
      "test_LL": -9478.717754335526,
      "train_BIC": -81261.86253779002,
      "learning_time": 2804514
    }
  }
}