{
  "average_learning_time": 457.0357,
  "average_test_LL": -6680.7564517460905,
  "average_train_BIC": -60428.05479596866,
  "folds": {
    "fold_1": {
      "test_LL": -6731.196520577774,
      "train_BIC": -61288.73738805937,
      "learning_time": 385247
    },
    "fold_2": {
      "test_LL": -6793.859360899921,
      "train_BIC": -61222.504910595526,
      "learning_time": 367090
    },
    "fold_3": {
      "test_LL": -6596.0737716355,
      "train_BIC": -61428.716225060496,
      "learning_time": 455983
    },
    "fold_4": {
      "test_LL": -7089.211040066802,
      "train_BIC": -60599.8117529152,
      "learning_time": 507978
    },
    "fold_5": {
      "test_LL": -6623.466718630876,
      "train_BIC": -61408.496571482516,
      "learning_time": 438883
    },
    "fold_6": {
      "test_LL": -6655.877278380763,
      "train_BIC": -61369.53765174847,
      "learning_time": 431112
    },
    "fold_7": {
      "test_LL": -6631.952756104639,
      "train_BIC": -61345.987767579594,
      "learning_time": 394317
    },
    "fold_8": {
      "test_LL": -7018.750568873522,
      "train_BIC": -61005.18065145439,
      "learning_time": 407200
    },
    "fold_9": {
      "test_LL": -6697.43384672666,
      "train_BIC": -61324.13177820718,
      "learning_time": 415062
    },
    "fold_10": {
      "test_LL": -5969.742655564437,
      "train_BIC": -53287.443262583896,
      "learning_time": 767485
    }
  }
}