{
  "average_learning_time": 87113.1107,
  "average_test_LL": -942.3196645764504,
  "average_train_BIC": -11230.2163087271,
  "folds": {
    "fold_1": {
      "test_LL": -1052.913804062895,
      "train_BIC": -11491.201723593382,
      "learning_time": 106987772
    },
    "fold_2": {
      "test_LL": -1175.9695734369766,
      "train_BIC": -12488.777874508243,
      "learning_time": 169158428
    },
    "fold_3": {
      "test_LL": -996.6470604519016,
      "train_BIC": -11051.423358161304,
      "learning_time": 61963033
    },
    "fold_4": {
      "test_LL": -992.99273049151,
      "train_BIC": -10597.627939834727,
      "learning_time": 56913936
    },
    "fold_5": {
      "test_LL": -824.0568638303488,
      "train_BIC": -11153.200868160418,
      "learning_time": 82695803
    },
    "fold_6": {
      "test_LL": -836.7096158460929,
      "train_BIC": -11451.38178690835,
      "learning_time": 82768853
    },
    "fold_7": {
      "test_LL": -850.3602730366835,
      "train_BIC": -11091.910155713078,
      "learning_time": 83424834
    },
    "fold_8": {
      "test_LL": -878.3741261187819,
      "train_BIC": -11078.73548170517,
      "learning_time": 79681613
    },
    "fold_9": {
      "test_LL": -787.6794858237366,
      "train_BIC": -11341.814046479461,
      "learning_time": 79370985
    },
    "fold_10": {
      "test_LL": -1027.493112665578,
      "train_BIC": -10556.089852206855,
      "learning_time": 68165850
    }
  }
}