{
  "average_learning_time": 1911.9073,
  "average_test_LL": -410.8604421962374,
  "average_train_BIC": -3953.0854835839864,
  "folds": {
    "fold_1": {
      "test_LL": -393.4921858653349,
      "train_BIC": -3882.084222211861,
      "learning_time": 2664849
    },
    "fold_2": {
      "test_LL": -355.74205508300673,
      "train_BIC": -3988.10952550844,
      "learning_time": 2772548
    },
    "fold_3": {
      "test_LL": -451.2074047732084,
      "train_BIC": -4117.471078692394,
      "learning_time": 1207231
    },
    "fold_4": {
      "test_LL": -397.715584557373,
      "train_BIC": -3953.6151722948543,
      "learning_time": 1530249
    },
    "fold_5": {
      "test_LL": -449.81424387536913,
      "train_BIC": -3870.007732556185,
      "learning_time": 2652227
    },
    "fold_6": {
      "test_LL": -394.9424707408757,
      "train_BIC": -3952.3594785425576,
      "learning_time": 1440208
    },
    "fold_7": {
      "test_LL": -352.8057165306898,
      "train_BIC": -3950.7002355786985,
      "learning_time": 1569840
    },
    "fold_8": {
      "test_LL": -423.1588842458819,
      "train_BIC": -3886.372883918711,
      "learning_time": 2538060
    },
    "fold_9": {
      "test_LL": -428.9945768361059,
      "train_BIC": -3901.0291886845166,
      "learning_time": 1423528
    },
    "fold_10": {
      "test_LL": -460.73129945452865,
      "train_BIC": -4029.105317851643,
      "learning_time": 1320333
    }
  }
}