{
    "average_learning_time": 750.9345859863281,
    "average_test_LL": -17357.980461118976,
    "folds": {
        "fold_1": {
            "learning_time": 666857.7058105469,
            "test_LL": -22105.539956667053
        },
        "fold_10": {
            "learning_time": 921566.2119140625,
            "test_LL": -16044.245981793092
        },
        "fold_2": {
            "learning_time": 719765.6674804688,
            "test_LL": -12977.17744388713
        },
        "fold_3": {
            "learning_time": 574720.8015136719,
            "test_LL": -18180.02403058132
        },
        "fold_4": {
            "learning_time": 781937.2172851562,
            "test_LL": -29705.80815351157
        },
        "fold_5": {
            "learning_time": 661352.0187988281,
            "test_LL": -14404.01776897777
        },
        "fold_6": {
            "learning_time": 767749.7587890625,
            "test_LL": -18638.120365845796
        },
        "fold_7": {
            "learning_time": 770113.279296875,
            "test_LL": -13217.91855784049
        },
        "fold_8": {
            "learning_time": 835883.8186035156,
            "test_LL": -14543.146238731359
        },
        "fold_9": {
            "learning_time": 809399.3803710938,
            "test_LL": -13763.806113354167
        }
    }
}