{
    "average_learning_time": 349.84172991,
    "average_test_LL": -973.5403960529742,
    "average_train_BIC": -8597.86876769847,
    "folds": {
        "fold_1": {
            "learning_time": 396415.0233,
            "test_LL": -1062.961074479207,
            "train_BIC": -8477.85049031455
        },
        "fold_10": {
            "learning_time": 360818.7683000001,
            "test_LL": -958.8530146582978,
            "train_BIC": -8490.359854815579
        },
        "fold_2": {
            "learning_time": 337425.9154,
            "test_LL": -1196.913436991563,
            "train_BIC": -8371.038598905905
        },
        "fold_3": {
            "learning_time": 324839.23070000013,
            "test_LL": -1366.1292710197026,
            "train_BIC": -8529.651103105985
        },
        "fold_4": {
            "learning_time": 317149.3309,
            "test_LL": -991.0362352084868,
            "train_BIC": -8558.9932408986
        },
        "fold_5": {
            "learning_time": 254256.73869999993,
            "test_LL": -829.9590375315444,
            "train_BIC": -8784.747091714895
        },
        "fold_6": {
            "learning_time": 329306.73960000015,
            "test_LL": -826.6298701725179,
            "train_BIC": -8693.102612041137
        },
        "fold_7": {
            "learning_time": 339262.05739999976,
            "test_LL": -832.0738112577969,
            "train_BIC": -8697.686725170288
        },
        "fold_8": {
            "learning_time": 482601.87590000033,
            "test_LL": -885.980988606611,
            "train_BIC": -8639.925218319977
        },
        "fold_9": {
            "learning_time": 356341.61889999994,
            "test_LL": -784.8672206040121,
            "train_BIC": -8735.332741697763
        }
    }
}