{
  "average_learning_time": 99.79910000000001,
  "average_test_LL": -1026.9382092129176,
  "average_train_BIC": -9459.860541193257,
  "folds": {
    "fold_1": {
      "test_LL": -1138.7222913255034,
      "train_BIC": -9399.664647222779,
      "learning_time": 101905
    },
    "fold_2": {
      "test_LL": -1267.999986587956,
      "train_BIC": -9283.65257351266,
      "learning_time": 99973
    },
    "fold_3": {
      "test_LL": -1126.775502706518,
      "train_BIC": -9331.192068626373,
      "learning_time": 98396
    },
    "fold_4": {
      "test_LL": -1069.3388948274105,
      "train_BIC": -9440.021164638429,
      "learning_time": 101731
    },
    "fold_5": {
      "test_LL": -916.1672649689746,
      "train_BIC": -9546.03457315753,
      "learning_time": 97425
    },
    "fold_6": {
      "test_LL": -921.3574020802005,
      "train_BIC": -9543.040240441323,
      "learning_time": 96998
    },
    "fold_7": {
      "test_LL": -898.4562347855913,
      "train_BIC": -9565.356080618369,
      "learning_time": 100676
    },
    "fold_8": {
      "test_LL": -977.7216825327558,
      "train_BIC": -9484.927100252973,
      "learning_time": 100281
    },
    "fold_9": {
      "test_LL": -864.1258505804235,
      "train_BIC": -9600.383054453945,
      "learning_time": 100525
    },
    "fold_10": {
      "test_LL": -1088.7169817338427,
      "train_BIC": -9404.333909008188,
      "learning_time": 100081
    }
  }
}