{
  "average_learning_time": 7.4049,
  "average_test_LL": -666.6443958902694,
  "average_train_BIC": -5955.091761539652,
  "folds": {
    "fold_1": {
      "test_LL": -720.8195522287891,
      "train_BIC": -6212.701592404933,
      "learning_time": 8298
    },
    "fold_2": {
      "test_LL": -636.1524912949634,
      "train_BIC": -6305.296013737414,
      "learning_time": 5080
    },
    "fold_3": {
      "test_LL": -688.0691381609503,
      "train_BIC": -6242.435920762323,
      "learning_time": 7399
    },
    "fold_4": {
      "test_LL": -654.8770205641988,
      "train_BIC": -6275.468838183333,
      "learning_time": 7724
    },
    "fold_5": {
      "test_LL": -711.8468291258092,
      "train_BIC": -6236.093111269388,
      "learning_time": 3444
    },
    "fold_6": {
      "test_LL": -376.4643844623588,
      "train_BIC": -3392.2696614091774,
      "learning_time": 14204
    },
    "fold_7": {
      "test_LL": -671.0836664606754,
      "train_BIC": -6272.436068817233,
      "learning_time": 5720
    },
    "fold_8": {
      "test_LL": -714.6372051664765,
      "train_BIC": -6225.795477607959,
      "learning_time": 7543
    },
    "fold_9": {
      "test_LL": -721.7022692264454,
      "train_BIC": -6209.59015727481,
      "learning_time": 8804
    },
    "fold_10": {
      "test_LL": -770.7914022120275,
      "train_BIC": -6178.8307739299535,
      "learning_time": 5833
    }
  }
}