{
  "average_learning_time": 226.9774,
  "average_test_LL": -731.5208768484448,
  "average_train_BIC": -6408.827714746041,
  "folds": {
    "fold_1": {
      "test_LL": -1010.8266911392118,
      "train_BIC": -6156.923765053011,
      "learning_time": 428511
    },
    "fold_2": {
      "test_LL": -1090.6201377987675,
      "train_BIC": -6039.171397532731,
      "learning_time": 214357
    },
    "fold_3": {
      "test_LL": -837.8905732089503,
      "train_BIC": -6311.129440178399,
      "learning_time": 220518
    },
    "fold_4": {
      "test_LL": -590.1860108300118,
      "train_BIC": -6447.352770952189,
      "learning_time": 203173
    },
    "fold_5": {
      "test_LL": -693.510766506025,
      "train_BIC": -6288.216985823482,
      "learning_time": 213838
    },
    "fold_6": {
      "test_LL": -1088.9644051863702,
      "train_BIC": -6137.158129898377,
      "learning_time": 209442
    },
    "fold_7": {
      "test_LL": -795.6842245010655,
      "train_BIC": -6277.249138986809,
      "learning_time": 202420
    },
    "fold_8": {
      "test_LL": -397.89717310528687,
      "train_BIC": -6827.4848660774505,
      "learning_time": 195440
    },
    "fold_9": {
      "test_LL": -450.6038913675508,
      "train_BIC": -6779.18498587767,
      "learning_time": 190347
    },
    "fold_10": {
      "test_LL": -359.0248948412082,
      "train_BIC": -6824.405667080295,
      "learning_time": 191728
    }
  }
}