{
    "average_learning_time": 1.8023449462890626,
    "average_test_LL": -14662.038487002917,
    "folds": {
        "fold_1": {
            "learning_time": 1873.9150390625,
            "test_LL": -15004.231242320377
        },
        "fold_10": {
            "learning_time": 1994.193603515625,
            "test_LL": -15283.875669155665
        },
        "fold_2": {
            "learning_time": 1784.573974609375,
            "test_LL": -14940.78608643914
        },
        "fold_3": {
            "learning_time": 1729.1982421875,
            "test_LL": -15137.517018769566
        },
        "fold_4": {
            "learning_time": 1750.55712890625,
            "test_LL": -15338.766662143455
        },
        "fold_5": {
            "learning_time": 1780.452392578125,
            "test_LL": -14682.91473671843
        },
        "fold_6": {
            "learning_time": 1766.3994140625,
            "test_LL": -14074.342319278396
        },
        "fold_7": {
            "learning_time": 1758.74560546875,
            "test_LL": -13996.968044951573
        },
        "fold_8": {
            "learning_time": 1750.080810546875,
            "test_LL": -14155.115959071592
        },
        "fold_9": {
            "learning_time": 1835.333251953125,
            "test_LL": -14005.867131180961
        }
    }
}