{
  "average_learning_time": 318.31370000000004,
  "average_test_LL": -3083.696526035494,
  "average_train_BIC": -27474.64870130971,
  "folds": {
    "fold_1": {
      "test_LL": -2984.2886797968163,
      "train_BIC": -28112.084396250673,
      "learning_time": 194685
    },
    "fold_2": {
      "test_LL": -3137.2781660486007,
      "train_BIC": -27959.767640621412,
      "learning_time": 199414
    },
    "fold_3": {
      "test_LL": -3362.757479705075,
      "train_BIC": -27748.931190224997,
      "learning_time": 192885
    },
    "fold_4": {
      "test_LL": -3516.9585371693397,
      "train_BIC": -27613.537221877927,
      "learning_time": 199342
    },
    "fold_5": {
      "test_LL": -3094.160139448794,
      "train_BIC": -26698.852298566802,
      "learning_time": 476547
    },
    "fold_6": {
      "test_LL": -2944.288173759745,
      "train_BIC": -26826.29778789504,
      "learning_time": 491845
    },
    "fold_7": {
      "test_LL": -2740.0659997160647,
      "train_BIC": -27042.073146385803,
      "learning_time": 480186
    },
    "fold_8": {
      "test_LL": -3187.4755929503212,
      "train_BIC": -27923.277033519007,
      "learning_time": 193835
    },
    "fold_9": {
      "test_LL": -2684.2098558964776,
      "train_BIC": -27083.084567946084,
      "learning_time": 485407
    },
    "fold_10": {
      "test_LL": -3185.4826358637024,
      "train_BIC": -27738.58172980932,
      "learning_time": 268991
    }
  }
}