{
    "average_learning_time": 22.87429245605469,
    "average_test_LL": -2136.420682425254,
    "folds": {
        "fold_1": {
            "learning_time": 22398.201416015625,
            "test_LL": -2148.6380050289386
        },
        "fold_10": {
            "learning_time": 23856.333984375,
            "test_LL": -2485.8221130889506
        },
        "fold_2": {
            "learning_time": 25405.4111328125,
            "test_LL": -2271.4524868150734
        },
        "fold_3": {
            "learning_time": 22483.552978515625,
            "test_LL": -2016.2415959359587
        },
        "fold_4": {
            "learning_time": 21629.798095703125,
            "test_LL": -2722.8113288292684
        },
        "fold_5": {
            "learning_time": 20666.636962890625,
            "test_LL": -1603.0405341827918
        },
        "fold_6": {
            "learning_time": 20749.29052734375,
            "test_LL": -2503.6423185788412
        },
        "fold_7": {
            "learning_time": 23742.15283203125,
            "test_LL": -2245.073159099805
        },
        "fold_8": {
            "learning_time": 24371.68408203125,
            "test_LL": -1745.2037308582185
        },
        "fold_9": {
            "learning_time": 23439.862548828125,
            "test_LL": -1622.2815518346965
        }
    }
}