{
    "average_accuracy": 0.9289826435087142, 
    "average_error": 0.08846084699081812, 
    "average_learning_time": 3219.225211843384, 
    "average_nrmse": 0.0925339783291517, 
    "runs": {
        "run_1": {
            "accuracy": 0.9274982113045552, 
            "average_error": 0.09030988976807869, 
            "learning_time": 3188942.744873047, 
            "nrmse": 0.09446815927022345
        },
		"run_2": {
            "accuracy": 0.9301480346568203, 
            "average_error": 0.08700920906552143, 
            "learning_time": 3114259.340145149, 
            "nrmse": 0.09101550052919213
        },
		"run_3": {
            "accuracy": 0.9271443329528088, 
            "average_error": 0.09075068875404264, 
            "learning_time": 3409022.6856790357, 
            "nrmse": 0.09492925460451224
        },
		"run_4": {
            "accuracy": 0.9254096779123198, 
            "average_error": 0.09291141483144008, 
            "learning_time": 2760184.1176830763, 
            "nrmse": 0.09718947013287904
        },
		"run_5": {
            "accuracy": 0.9332285285129079, 
            "average_error": 0.08317207531226828, 
            "learning_time": 3593434.703866275, 
            "nrmse": 0.08700168805002337
        }
    }
}