{
    "average_accuracy": 0.9642916438347523, 
    "average_error": 0.06074881733809394, 
    "average_learning_time": 3305.577067607427, 
    "average_nrmse": 0.06657209795406357, 
    "runs": {
        "run_1": {
            "accuracy": 0.9637681159420289, 
            "average_error": 0.06163946881976041, 
            "learning_time": 3204696.6501464844, 
            "nrmse": 0.06754812580577373
        },
		"run_2": {
            "accuracy": 0.9649316830089391, 
            "average_error": 0.05965995111580237, 
            "learning_time": 3229216.040989379, 
            "nrmse": 0.0653788548262865
        },
		"run_3": {
            "accuracy": 0.9641926679322471, 
            "average_error": 0.06091720002684997, 
            "learning_time": 3174928.0316988183, 
            "nrmse": 0.06675662152737447
        },
		"run_4": {
            "accuracy": 0.9647661504159626, 
            "average_error": 0.05994156333025705, 
            "learning_time": 3321165.716916288, 
            "nrmse": 0.06568746191934972
        },
		"run_5": {
            "accuracy": 0.9632760739818607, 
            "average_error": 0.06247655487946636, 
            "learning_time": 3496998.480825222, 
            "nrmse": 0.06846545354324363
        }
    }
}