{
    "average_accuracy": 0.9328523728523066,
    "average_error": 0.07988941148429964,
    "average_learning_time": 577.7521767578125,
    "average_nrmse": 0.08297832889923448,
    "runs": {
        "run_1": {
            "accuracy": 0.9350049902203853,
            "average_error": 0.07986445814407796,
            "learning_time": 556530.8386230469,
            "nrmse": 0.08346917289909937
        },
        "run_2": {
            "accuracy": 0.9283537532196973,
            "average_error": 0.08039208022783983,
            "learning_time": 628195.0119628906,
            "nrmse": 0.08251228227572761
        },
        "run_3": {
            "accuracy": 0.9325977456606567,
            "average_error": 0.0791814829470312,
            "learning_time": 575047.4064941406,
            "nrmse": 0.08203705351859186
        },
        "run_4": {
            "accuracy": 0.9334163338381305,
            "average_error": 0.08098825740004598,
            "learning_time": 564078.728515625,
            "nrmse": 0.0844802795183918
        },
        "run_5": {
            "accuracy": 0.9348890413226637,
            "average_error": 0.07902077870250317,
            "learning_time": 564908.8981933594,
            "nrmse": 0.0823928562843618
        }
    }
}