{
    "average_accuracy": 0.9360014084786051,
    "average_error": 0.07511354710797638,
    "average_learning_time": 556.4200903320312,
    "average_nrmse": 0.07780808179563249,
    "runs": {
        "run_1": {
            "accuracy": 0.938090620829765,
            "average_error": 0.07505815923013928,
            "learning_time": 553756.1943359375,
            "nrmse": 0.07824574227496457
        },
        "run_2": {
            "accuracy": 0.932801723283883,
            "average_error": 0.0742571187612226,
            "learning_time": 558429.49609375,
            "nrmse": 0.0759683531963997
        },
        "run_3": {
            "accuracy": 0.9358681912005855,
            "average_error": 0.07497599028921885,
            "learning_time": 551016.5405273438,
            "nrmse": 0.07760488277159566
        },
        "run_4": {
            "accuracy": 0.9339612262641218,
            "average_error": 0.07730850570645464,
            "learning_time": 554538.7819824219,
            "nrmse": 0.08004056194174591
        },
        "run_5": {
            "accuracy": 0.9392852808146702,
            "average_error": 0.07396796155284649,
            "learning_time": 564359.4387207031,
            "nrmse": 0.07718086879345659
        }
    }
}