{
    "average_accuracy": 0.9371430594114823, 
    "average_error": 0.08387233947907168, 
    "average_learning_time": 3190.216533685467, 
    "average_nrmse": 0.08877328284311112, 
    "runs": {
        "run_1": {
            "accuracy": 0.9364985163204748, 
            "average_error": 0.0847323771524253, 
            "learning_time": 3206761.591064453, 
            "nrmse": 0.08968357541520998
        },
		"run_2": {
            "accuracy": 0.9368558443006585, 
            "average_error": 0.084255581219013, 
            "learning_time": 3451888.5467553283, 
            "nrmse": 0.08917891868906944
        },
		"run_3": {
            "accuracy": 0.9396067403187214, 
            "average_error": 0.08058495896889438, 
            "learning_time": 3104493.2961214953, 
            "nrmse": 0.0852938096144465
        },
		"run_4": {
            "accuracy": 0.9358353154697633, 
            "average_error": 0.08561731056427901, 
            "learning_time": 3060999.632107427, 
            "nrmse": 0.09062021846768392
        },
		"run_5": {
            "accuracy": 0.936274337556786, 
            "average_error": 0.0850315071641003, 
            "learning_time": 3143484.6597576165, 
            "nrmse": 0.09000018460124459
        }
    }
}