{
    "average_accuracy": 0.930874487779494,
    "average_error": 0.08366740838096762,
    "average_learning_time": 559.3465044433593,
    "average_nrmse": 0.08719271654107949,
    "runs": {
        "run_1": {
            "accuracy": 0.9324476714785772,
            "average_error": 0.08220410871024157,
            "learning_time": 561478.8452148438,
            "nrmse": 0.08575605542268251
        },
        "run_2": {
            "accuracy": 0.9286399302390922,
            "average_error": 0.08530577611333001,
            "learning_time": 562608.7104492188,
            "nrmse": 0.08868655341088692
        },
        "run_3": {
            "accuracy": 0.9279978516386328,
            "average_error": 0.08317956175536988,
            "learning_time": 557995.7629394531,
            "nrmse": 0.08588923772967355
        },
        "run_4": {
            "accuracy": 0.9344066649709412,
            "average_error": 0.08439480902852861,
            "learning_time": 559890.9797363281,
            "nrmse": 0.08895274211930915
        },
        "run_5": {
            "accuracy": 0.9308803205702261,
            "average_error": 0.08325278629736799,
            "learning_time": 554758.2238769531,
            "nrmse": 0.08667899402284535
        }
    }
}