{
    "average_accuracy": 0.9340988275566326,
    "average_error": 0.06836942670267039,
    "average_learning_time": 0.9093726074218751,
    "average_nrmse": 0.06886371803353189,
    "runs": {
        "run_1": {
            "accuracy": 0.9380743108270075,
            "average_error": 0.0637259739482219,
            "learning_time": 843.746337890625,
            "nrmse": 0.06398305390349825
        },
        "run_2": {
            "accuracy": 0.929933826391592,
            "average_error": 0.06304051542607507,
            "learning_time": 874.997802734375,
            "nrmse": 0.06102970153815382
        },
        "run_3": {
            "accuracy": 0.9320963284642716,
            "average_error": 0.07973695363917667,
            "learning_time": 859.373291015625,
            "nrmse": 0.08245773082423877
        },
        "run_4": {
            "accuracy": 0.934816549570648,
            "average_error": 0.06867732592739609,
            "learning_time": 968.747802734375,
            "nrmse": 0.0698714048727402
        },
        "run_5": {
            "accuracy": 0.9355731225296443,
            "average_error": 0.0666663645724822,
            "learning_time": 999.997802734375,
            "nrmse": 0.06697669902902842
        }
    }
}