{
  "average_learning_time": 364.2384,
  "average_test_LL": -95455.49184671862,
  "average_train_BIC": -876662.5701755487,
  "folds": {
    "fold_1": {
      "test_LL": -91079.33618937629,
      "train_BIC": -869784.4464700172,
      "learning_time": 367956
    },
    "fold_2": {
      "test_LL": -96388.97741234084,
      "train_BIC": -877884.579255041,
      "learning_time": 364435
    },
    "fold_3": {
      "test_LL": -96237.41027870489,
      "train_BIC": -880071.8076069616,
      "learning_time": 368017
    },
    "fold_4": {
      "test_LL": -98763.74032725743,
      "train_BIC": -875402.4374344362,
      "learning_time": 356048
    },
    "fold_5": {
      "test_LL": -83865.68686578546,
      "train_BIC": -857373.4637839712,
      "learning_time": 371546
    },
    "fold_6": {
      "test_LL": -94973.7698440576,
      "train_BIC": -879670.2654616951,
      "learning_time": 364420
    },
    "fold_7": {
      "test_LL": -95225.9883921555,
      "train_BIC": -884284.4105054135,
      "learning_time": 364546
    },
    "fold_8": {
      "test_LL": -95287.62788022879,
      "train_BIC": -884215.6291032874,
      "learning_time": 359132
    },
    "fold_9": {
      "test_LL": -98354.27071201758,
      "train_BIC": -883171.7559983059,
      "learning_time": 350751
    },
    "fold_10": {
      "test_LL": -104378.11056526193,
      "train_BIC": -874766.9061363577,
      "learning_time": 375533
    }
  }
}