{
    "average_learning_time": 50.61941461,
    "average_test_LL": -949.3222126417324,
    "average_train_BIC": -8641.449902271806,
    "folds": {
        "fold_1": {
            "learning_time": 39988.44670000001,
            "test_LL": -1052.5085756719684,
            "train_BIC": -8549.505327016763
        },
        "fold_10": {
            "learning_time": 30126.792899999997,
            "test_LL": -1040.9385260264203,
            "train_BIC": -8552.930865434611
        },
        "fold_2": {
            "learning_time": 88889.26829999998,
            "test_LL": -1203.7296559371614,
            "train_BIC": -8406.901135374139
        },
        "fold_3": {
            "learning_time": 33045.91399999998,
            "test_LL": -1008.2474391754405,
            "train_BIC": -8588.07011434441
        },
        "fold_4": {
            "learning_time": 30204.611399999976,
            "test_LL": -996.9087980722419,
            "train_BIC": -8605.760262104423
        },
        "fold_5": {
            "learning_time": 93247.28229999999,
            "test_LL": -825.128557879877,
            "train_BIC": -8731.499251616728
        },
        "fold_6": {
            "learning_time": 41433.13539999997,
            "test_LL": -834.8433388545955,
            "train_BIC": -8732.5944692931
        },
        "fold_7": {
            "learning_time": 32184.93920000003,
            "test_LL": -838.5938282852104,
            "train_BIC": -8792.196543095208
        },
        "fold_8": {
            "learning_time": 22639.018300000032,
            "test_LL": -892.7262189485274,
            "train_BIC": -8684.943974780617
        },
        "fold_9": {
            "learning_time": 94434.73760000001,
            "test_LL": -799.5971875658819,
            "train_BIC": -8770.097079658075
        }
    }
}