{
    "average_learning_time": 0.1678009521484375,
    "average_test_LL": -5206.231007824756,
    "folds": {
        "fold_1": {
            "learning_time": 165.222412109375,
            "test_LL": -5031.5654753599265
        },
        "fold_10": {
            "learning_time": 177.210693359375,
            "test_LL": -5346.659678088039
        },
        "fold_2": {
            "learning_time": 165.36279296875,
            "test_LL": -5010.958892444397
        },
        "fold_3": {
            "learning_time": 165.570556640625,
            "test_LL": -5075.761949250364
        },
        "fold_4": {
            "learning_time": 168.4296875,
            "test_LL": -5099.2609044852825
        },
        "fold_5": {
            "learning_time": 166.266845703125,
            "test_LL": -5250.223182477323
        },
        "fold_6": {
            "learning_time": 168.3203125,
            "test_LL": -5661.725631590124
        },
        "fold_7": {
            "learning_time": 167.22509765625,
            "test_LL": -5314.32067301953
        },
        "fold_8": {
            "learning_time": 166.87109375,
            "test_LL": -5308.963955822239
        },
        "fold_9": {
            "learning_time": 167.530029296875,
            "test_LL": -4962.869735710328
        }
    }
}