{
    "average_learning_time": 0.0238455810546875,
    "average_test_LL": -463.9559343662145,
    "folds": {
        "fold_1": {
            "learning_time": 24.748291015625,
            "test_LL": -464.32079254081106
        },
        "fold_10": {
            "learning_time": 28.608154296875,
            "test_LL": -501.5153960533137
        },
        "fold_2": {
            "learning_time": 23.6484375,
            "test_LL": -461.00393409389426
        },
        "fold_3": {
            "learning_time": 26.21826171875,
            "test_LL": -461.3115581690831
        },
        "fold_4": {
            "learning_time": 20.799560546875,
            "test_LL": -457.5881017130437
        },
        "fold_5": {
            "learning_time": 28.214599609375,
            "test_LL": -457.7607031281471
        },
        "fold_6": {
            "learning_time": 20.473388671875,
            "test_LL": -458.52859726792855
        },
        "fold_7": {
            "learning_time": 20.62109375,
            "test_LL": -458.6686376380603
        },
        "fold_8": {
            "learning_time": 22.392333984375,
            "test_LL": -460.7486519815665
        },
        "fold_9": {
            "learning_time": 22.731689453125,
            "test_LL": -458.11297107629656
        }
    }
}