{
  "average_learning_time": 38.6199,
  "average_test_LL": -5662.021236582414,
  "average_train_BIC": -51017.695669606044,
  "folds": {
    "fold_1": {
      "test_LL": -5793.340990676987,
      "train_BIC": -51042.489584068935,
      "learning_time": 38230
    },
    "fold_2": {
      "test_LL": -5773.546346920317,
      "train_BIC": -51062.03841084131,
      "learning_time": 59200
    },
    "fold_3": {
      "test_LL": -5534.434150450253,
      "train_BIC": -51294.668199351145,
      "learning_time": 35959
    },
    "fold_4": {
      "test_LL": -5618.769774609813,
      "train_BIC": -51208.2266051175,
      "learning_time": 33512
    },
    "fold_5": {
      "test_LL": -5766.758975711424,
      "train_BIC": -51063.81391124878,
      "learning_time": 34667
    },
    "fold_6": {
      "test_LL": -5519.4677016730375,
      "train_BIC": -51306.63210977053,
      "learning_time": 31182
    },
    "fold_7": {
      "test_LL": -5612.260952158227,
      "train_BIC": -51214.571144650836,
      "learning_time": 33197
    },
    "fold_8": {
      "test_LL": -5560.704803688583,
      "train_BIC": -51269.16385726208,
      "learning_time": 31749
    },
    "fold_9": {
      "test_LL": -5671.303458358772,
      "train_BIC": -51157.948431473844,
      "learning_time": 34222
    },
    "fold_10": {
      "test_LL": -5769.62521157672,
      "train_BIC": -49557.40444227547,
      "learning_time": 54281
    }
  }
}