{
    "average_accuracy": 0.6714768804771891,
    "average_error": 0.21955474458262758,
    "average_learning_time": 5.2624764648437505,
    "average_nrmse": 0.11484122245599775,
    "runs": {
        "run_1": {
            "accuracy": 0.668041586619957,
            "average_error": 0.220324993345108,
            "learning_time": 984.372802734375,
            "nrmse": 0.11358740173455428
        },
        "run_2": {
            "accuracy": 0.6724274705349048,
            "average_error": 0.22229108209513776,
            "learning_time": 7562.475341796875,
            "nrmse": 0.12025497603605156
        },
        "run_3": {
            "accuracy": 0.668498272248343,
            "average_error": 0.21987488740355307,
            "learning_time": 5843.70947265625,
            "nrmse": 0.11431626725616904
        },
        "run_4": {
            "accuracy": 0.6731726634985291,
            "average_error": 0.21661558909748183,
            "learning_time": 10531.215087890625,
            "nrmse": 0.11200405042645964
        },
        "run_5": {
            "accuracy": 0.6752444094842117,
            "average_error": 0.21866717097185734,
            "learning_time": 1390.609619140625,
            "nrmse": 0.1140434168267542
        }
    }
}