{
    "average_accuracy": 0.8292517846818781,
    "average_error": 0.13699115570206086,
    "average_learning_time": 858.0977163574219,
    "average_nrmse": 0.10422695078058992,
    "runs": {
        "run_1": {
            "accuracy": 0.8276211417082352,
            "average_error": 0.14059200572782768,
            "learning_time": 871273.5036621094,
            "nrmse": 0.10974006059224156
        },
        "run_2": {
            "accuracy": 0.8299706882365498,
            "average_error": 0.13609971321101386,
            "learning_time": 851497.4370117188,
            "nrmse": 0.10316804402776689
        },
        "run_3": {
            "accuracy": 0.8290868167608811,
            "average_error": 0.13508572330919164,
            "learning_time": 861719.7963867188,
            "nrmse": 0.10031201220073294
        },
        "run_4": {
            "accuracy": 0.8328263150837796,
            "average_error": 0.13385413406065108,
            "learning_time": 848292.6018066406,
            "nrmse": 0.10151456999495137
        },
        "run_5": {
            "accuracy": 0.8267539616199449,
            "average_error": 0.13932420220162015,
            "learning_time": 857705.2429199219,
            "nrmse": 0.10640006708725686
        }
    }
}