{
    "average_accuracy": 0.6693426056988739,
    "average_error": 0.22406924719357302,
    "average_learning_time": 0.962493798828125,
    "average_nrmse": 0.12181779296225659,
    "runs": {
        "run_1": {
            "accuracy": 0.6643816960232432,
            "average_error": 0.22435688454064853,
            "learning_time": 749.986328125,
            "nrmse": 0.11838043525094555
        },
        "run_2": {
            "accuracy": 0.6749637943519189,
            "average_error": 0.22403546094226323,
            "learning_time": 749.987548828125,
            "nrmse": 0.12578072142007693
        },
        "run_3": {
            "accuracy": 0.6740609689711486,
            "average_error": 0.21918423923518277,
            "learning_time": 921.873779296875,
            "nrmse": 0.11879449472017051
        },
        "run_4": {
            "accuracy": 0.6626489646109928,
            "average_error": 0.2281641103158503,
            "learning_time": 1203.123779296875,
            "nrmse": 0.1239165806437667
        },
        "run_5": {
            "accuracy": 0.6706576045370662,
            "average_error": 0.22460554093392018,
            "learning_time": 1187.49755859375,
            "nrmse": 0.12221673277632318
        }
    }
}