{
    "average_accuracy": 0.8254591160514664,
    "average_error": 0.1427986218128927,
    "average_learning_time": 874.819460546875,
    "average_nrmse": 0.11198995562241773,
    "runs": {
        "run_1": {
            "accuracy": 0.8264979509971664,
            "average_error": 0.1414856865435634,
            "learning_time": 926094.3188476562,
            "nrmse": 0.11041098180368351
        },
        "run_2": {
            "accuracy": 0.8280090523831038,
            "average_error": 0.14061717507340024,
            "learning_time": 857419.2570800781,
            "nrmse": 0.1101661605458894
        },
        "run_3": {
            "accuracy": 0.8274458755282165,
            "average_error": 0.14077560797571773,
            "learning_time": 868293.8532714844,
            "nrmse": 0.1099317537295363
        },
        "run_4": {
            "accuracy": 0.8207107735495951,
            "average_error": 0.1468771304716602,
            "learning_time": 860777.1506347656,
            "nrmse": 0.11541833143346682
        },
        "run_5": {
            "accuracy": 0.8246319277992503,
            "average_error": 0.14423750900012194,
            "learning_time": 861512.7229003906,
            "nrmse": 0.11402255059951268
        }
    }
}