{
    "average_accuracy": 0.6725164626854028,
    "average_error": 0.21699293699140845,
    "average_learning_time": 6.87184990234375,
    "average_nrmse": 0.11015269444702418,
    "runs": {
        "run_1": {
            "accuracy": 0.6757000903342367,
            "average_error": 0.21523110502759693,
            "learning_time": 5062.48583984375,
            "nrmse": 0.10993293889746356
        },
        "run_2": {
            "accuracy": 0.6800393611384452,
            "average_error": 0.2152908383576237,
            "learning_time": 2328.119140625,
            "nrmse": 0.11156947818459226
        },
        "run_3": {
            "accuracy": 0.6599034545180269,
            "average_error": 0.22106627173554286,
            "learning_time": 8390.577392578125,
            "nrmse": 0.10731582339268839
        },
        "run_4": {
            "accuracy": 0.6667926239419589,
            "average_error": 0.21876184739281213,
            "learning_time": 8187.47607421875,
            "nrmse": 0.11219716595288848
        },
        "run_5": {
            "accuracy": 0.6801467834943459,
            "average_error": 0.21461462244346663,
            "learning_time": 10390.591064453125,
            "nrmse": 0.10974806580748823
        }
    }
}