{
    "average_accuracy": 0.6506512687749626, 
    "average_error": 0.2513611520549986, 
    "average_learning_time": 16218.756026706707, 
    "average_nrmse": 0.15751132596648576, 
    "runs": {
        "run_1": {
            "accuracy": 0.6573905937897222, 
            "average_error": 0.24651211626819958, 
            "learning_time": 15897893.572021484, 
            "nrmse": 0.15447275755528378
        },
		"run_2": {
            "accuracy": 0.644465018693149, 
            "average_error": 0.2558122429234619, 
            "learning_time": 15512346.590013988, 
            "nrmse": 0.16030052874884557
        },
		"run_3": {
            "accuracy": 0.6514296300566735, 
            "average_error": 0.2508011105520574, 
            "learning_time": 17862624.35630459, 
            "nrmse": 0.15716038518266395
        },
		"run_4": {
            "accuracy": 0.6430404789974942, 
            "average_error": 0.2568372185625382, 
            "learning_time": 15631583.723425986, 
            "nrmse": 0.16094281285151762
        },
		"run_5": {
            "accuracy": 0.663669947352534, 
            "average_error": 0.24199403618193677, 
            "learning_time": 15868469.437082265, 
            "nrmse": 0.1516415770829158
        }
    }
}