{
    "average_accuracy": 0.7165620839589347, 
    "average_error": 0.21145760280143033, 
    "average_learning_time": 12954.781217732896, 
    "average_nrmse": 0.14019605098354626, 
    "runs": {
        "run_1": {
            "accuracy": 0.7155224330021078, 
            "average_error": 0.21223322979640505, 
            "learning_time": 12922009.326171875, 
            "nrmse": 0.14071029043529015
        },
		"run_2": {
            "accuracy": 0.6935082749788172, 
            "average_error": 0.22865679495775232, 
            "learning_time": 12674862.435146341, 
            "nrmse": 0.15159908775535633
        },
		"run_3": {
            "accuracy": 0.7457783215739185, 
            "average_error": 0.18966095803620997, 
            "learning_time": 12851878.728958959, 
            "nrmse": 0.12574491051713022
        },
		"run_4": {
            "accuracy": 0.7160419580984088, 
            "average_error": 0.21184564039766332, 
            "learning_time": 12969331.16598071, 
            "nrmse": 0.14045331928652657
        },
		"run_5": {
            "accuracy": 0.7109197811845944, 
            "average_error": 0.21566701781409575, 
            "learning_time": 13323052.540845575, 
            "nrmse": 0.14298688637517187
        }
    }
}