{
    "average_accuracy": 0.6377542295748312, 
    "average_error": 0.2573144716413233, 
    "average_learning_time": 12254.998805615322, 
    "average_nrmse": 0.1560052219210124, 
    "runs": {
        "run_1": {
            "accuracy": 0.6365691038535428, 
            "average_error": 0.25815630341328283, 
            "learning_time": 12108632.154052734, 
            "nrmse": 0.1565156096639442
        },
		"run_2": {
            "accuracy": 0.6638623784590557, 
            "average_error": 0.23876903899819735, 
            "learning_time": 12114057.843555303, 
            "nrmse": 0.14476145348211583
        },
		"run_3": {
            "accuracy": 0.6428221589798498, 
            "average_error": 0.25371456328176584, 
            "learning_time": 11733810.149072403, 
            "nrmse": 0.15382266102987488
        },
		"run_4": {
            "accuracy": 0.623896136672445, 
            "average_error": 0.26715830735802076, 
            "learning_time": 12317865.389205027, 
            "nrmse": 0.16197336574806465
        },
		"run_5": {
            "accuracy": 0.620436244187974, 
            "average_error": 0.2696159769273094, 
            "learning_time": 12854261.840628546, 
            "nrmse": 0.1634634074239943
        }
    }
}