{
    "average_accuracy": 0.8167795452869415,
    "average_error": 0.15131268823733013,
    "average_learning_time": 606.3185730957032,
    "average_nrmse": 0.12034338548147623,
    "runs": {
        "run_1": {
            "accuracy": 0.820620901514821,
            "average_error": 0.14784998726759815,
            "learning_time": 608968.7260742188,
            "nrmse": 0.11724820285053443
        },
        "run_2": {
            "accuracy": 0.8154174960061535,
            "average_error": 0.15277444794495715,
            "learning_time": 601958.0446777344,
            "nrmse": 0.12190192295632934
        },
        "run_3": {
            "accuracy": 0.8154573175562725,
            "average_error": 0.15558859339596376,
            "learning_time": 607795.3618164062,
            "nrmse": 0.12748609520254606
        },
        "run_4": {
            "accuracy": 0.8145725242802133,
            "average_error": 0.15055455360421666,
            "learning_time": 597539.5405273438,
            "nrmse": 0.11670730566851638
        },
        "run_5": {
            "accuracy": 0.8178294870772475,
            "average_error": 0.14979585897391495,
            "learning_time": 615331.1923828125,
            "nrmse": 0.1183734007294549
        }
    }
}