{
    "average_accuracy": 0.827483614984969,
    "average_error": 0.1397525983327676,
    "average_learning_time": 851.4288345214843,
    "average_nrmse": 0.10795245243527678,
    "runs": {
        "run_1": {
            "accuracy": 0.8293185815044498,
            "average_error": 0.13819338253444802,
            "learning_time": 848982.0708007812,
            "nrmse": 0.10666087704279
        },
        "run_2": {
            "accuracy": 0.8255248934709173,
            "average_error": 0.1394187912595659,
            "learning_time": 846469.71484375,
            "nrmse": 0.10539354408621146
        },
        "run_3": {
            "accuracy": 0.8249134792343207,
            "average_error": 0.140723533100422,
            "learning_time": 850009.4985351562,
            "nrmse": 0.10737122154296637
        },
        "run_4": {
            "accuracy": 0.8251261479024496,
            "average_error": 0.14459505077596901,
            "learning_time": 859601.6325683594,
            "nrmse": 0.11520680243443414
        },
        "run_5": {
            "accuracy": 0.832534972812708,
            "average_error": 0.13583223399343317,
            "learning_time": 852081.255859375,
            "nrmse": 0.10512981706998197
        }
    }
}