{
    "average_accuracy": 0.7170586056423545, 
    "average_error": 0.21695991637957712, 
    "average_learning_time": 13087.765198798508, 
    "average_nrmse": 0.15160867344104492, 
    "runs": {
		"run_1": {
            "accuracy": 0.7229185317815577, 
            "average_error": 0.2124665155887935, 
            "learning_time": 13183290.296875, 
            "nrmse": 0.1484687453635571
        },
		"run_2": {
            "accuracy": 0.6937487101087318, 
            "average_error": 0.2348339817748966, 
            "learning_time": 15126447.029195784, 
            "nrmse": 0.16409883009671902
        },
		"run_3": {
            "accuracy": 0.7223041024187513, 
            "average_error": 0.2129376610126657, 
            "learning_time": 11921227.458031407, 
            "nrmse": 0.1487979754531655
        },
		"run_4": {
            "accuracy": 0.7458556472850261, 
            "average_error": 0.1948782985203117, 
            "learning_time": 12316129.365589252, 
            "nrmse": 0.13617833567663357
        },
		"run_5": {
            "accuracy": 0.7063259627569083, 
            "average_error": 0.22518972421043448, 
            "learning_time": 12987256.942377586, 
            "nrmse": 0.15735955253766157
        }
    }
}