{
    "average_accuracy": 0.8215280806935314,
    "average_error": 0.14694597363367362,
    "average_learning_time": 668.3051739746094,
    "average_nrmse": 0.11634726165713749,
    "runs": {
        "run_1": {
            "accuracy": 0.819325960142809,
            "average_error": 0.14799486765265557,
            "learning_time": 854596.8117675781,
            "nrmse": 0.11627684757178303
        },
        "run_2": {
            "accuracy": 0.8188005639351983,
            "average_error": 0.14939948588559657,
            "learning_time": 681941.4880371094,
            "nrmse": 0.11853482835872103
        },
        "run_3": {
            "accuracy": 0.8237526726807587,
            "average_error": 0.14554647019871128,
            "learning_time": 603080.0812988281,
            "nrmse": 0.1157485794640792
        },
        "run_4": {
            "accuracy": 0.8218763603312464,
            "average_error": 0.14771072807985233,
            "learning_time": 598369.1726074219,
            "nrmse": 0.11819231389062465
        },
        "run_5": {
            "accuracy": 0.8238848463776451,
            "average_error": 0.14407831635155244,
            "learning_time": 603538.3161621094,
            "nrmse": 0.11298373900047959
        }
    }
}