{
    "average_accuracy": 0.6873800331826116,
    "average_error": 0.19845326001712324,
    "average_learning_time": 6.309358837890625,
    "average_nrmse": 0.08877155442168295,
    "runs": {
        "run_1": {
            "accuracy": 0.6931512981199642,
            "average_error": 0.1953264408034843,
            "learning_time": 3374.991943359375,
            "nrmse": 0.089616780857164
        },
        "run_2": {
            "accuracy": 0.6904654315408947,
            "average_error": 0.19708516111694144,
            "learning_time": 7562.48046875,
            "nrmse": 0.08727526110726468
        },
        "run_3": {
            "accuracy": 0.6783280327124035,
            "average_error": 0.20154114754844193,
            "learning_time": 6328.109375,
            "nrmse": 0.09005883500418149
        },
        "run_4": {
            "accuracy": 0.6855716878402904,
            "average_error": 0.19713377427227685,
            "learning_time": 5874.98388671875,
            "nrmse": 0.08591495974682309
        },
        "run_5": {
            "accuracy": 0.6893837156995052,
            "average_error": 0.20117977634447165,
            "learning_time": 8406.228515625,
            "nrmse": 0.09099193539298152
        }
    }
}