{
    "average_accuracy": 0.672586587058983,
    "average_error": 0.21502857965399474,
    "average_learning_time": 7.468514208984375,
    "average_nrmse": 0.10623602030816248,
    "runs": {
        "run_1": {
            "accuracy": 0.6803704540320759,
            "average_error": 0.20963173266445273,
            "learning_time": 5408.154296875,
            "nrmse": 0.10454910748933958
        },
        "run_2": {
            "accuracy": 0.6720564791619221,
            "average_error": 0.21637452686684455,
            "learning_time": 5734.359130859375,
            "nrmse": 0.10522449206649605
        },
        "run_3": {
            "accuracy": 0.6694693784797182,
            "average_error": 0.21485355921669205,
            "learning_time": 6609.44873046875,
            "nrmse": 0.10504601884406885
        },
        "run_4": {
            "accuracy": 0.6742578744618174,
            "average_error": 0.2135807536744217,
            "learning_time": 9278.13671875,
            "nrmse": 0.10754252964534661
        },
        "run_5": {
            "accuracy": 0.6667787491593813,
            "average_error": 0.22070232584756272,
            "learning_time": 10312.47216796875,
            "nrmse": 0.10881795349556128
        }
    }
}