{
    "average_accuracy": 0.7472321727811952, 
    "average_error": 0.19884027454797082, 
    "average_learning_time": 12530.061061016178, 
    "average_nrmse": 0.14612997689653173, 
    "runs": {
        "run_1": {
            "accuracy": 0.7466681725773662, 
            "average_error": 0.19928394634199792, 
            "learning_time": 12794722.461914062, 
            "nrmse": 0.14645603633875595
        },
		"run_2": {
            "accuracy": 0.7482502768722659, 
            "average_error": 0.1980393810987755, 
            "learning_time": 12711154.91852581, 
            "nrmse": 0.14554139120133716
        },
		"run_3": {
            "accuracy": 0.7380064776124027, 
            "average_error": 0.20609768456111566, 
            "learning_time": 13334902.182017203, 
            "nrmse": 0.1514635299705276
        },
		"run_4": {
            "accuracy": 0.7563380510092312, 
            "average_error": 0.19167711875086962, 
            "learning_time": 11569145.944703814, 
            "nrmse": 0.14086569231677912
        },
		"run_5": {
            "accuracy": 0.7463338856308814, 
            "average_error": 0.19954691378112252, 
            "learning_time": 12505041.198817888, 
            "nrmse": 0.14664929409748304
        }
    }
}