{
    "average_learning_time": 45.995074729999985,
    "average_test_LL": -1010.1901420543612,
    "average_train_BIC": -9376.714089971745,
    "folds": {
        "fold_1": {
            "learning_time": 52782.583599999954,
            "test_LL": -1038.4306635488565,
            "train_BIC": -9355.092795442126
        },
        "fold_10": {
            "learning_time": 35632.94789999986,
            "test_LL": -1027.3424739620227,
            "train_BIC": -9366.139199939551
        },
        "fold_2": {
            "learning_time": 43701.61639999992,
            "test_LL": -1039.4979123034245,
            "train_BIC": -9370.688825946883
        },
        "fold_3": {
            "learning_time": 44145.49490000002,
            "test_LL": -996.5530831140782,
            "train_BIC": -9393.045968925435
        },
        "fold_4": {
            "learning_time": 48658.23109999997,
            "test_LL": -1010.3148767988714,
            "train_BIC": -9372.818220358633
        },
        "fold_5": {
            "learning_time": 45933.66860000003,
            "test_LL": -983.7442061889222,
            "train_BIC": -9411.542069130901
        },
        "fold_6": {
            "learning_time": 55804.40610000005,
            "test_LL": -983.9038036862438,
            "train_BIC": -9387.72113782409
        },
        "fold_7": {
            "learning_time": 49447.98700000001,
            "test_LL": -999.5234621140623,
            "train_BIC": -9372.6039145848
        },
        "fold_8": {
            "learning_time": 44571.498500000074,
            "test_LL": -1023.498919980316,
            "train_BIC": -9352.639525163791
        },
        "fold_9": {
            "learning_time": 39272.31319999998,
            "test_LL": -999.0920188468148,
            "train_BIC": -9384.849242401242
        }
    }
}