{
    "average_learning_time": 165.0259646972656,
    "average_accuracy": 0.9611020810245042,
    "runs": {
        "run_1": {
            "accuracy": 0.9607191232606822,
            "learning_time": 165496.81469726562
        },
        "run_2": {
            "accuracy": 0.9618150474079546,
            "learning_time": 165138.30078125
        },
        "run_3": {
            "accuracy": 0.9606390838566679,
            "learning_time": 166280.8173828125
        },
        "run_4": {
            "accuracy": 0.961334810983869,
            "learning_time": 165981.8525390625
        },
        "run_5": {
            "accuracy": 0.9610023396133481,
            "learning_time": 162232.0380859375
        }
    }
}