{
  "average_accuracy": 0.9597869720477774,
  "average_learning_time": 0.2012,
  "runs": {
    "run_1": {
      "accuracy": 0.9594261790419899,
      "learning_time": 192
    },
    "run_2": {
      "accuracy": 0.9604174362763207,
      "learning_time": 226
    },
    "run_3": {
      "accuracy": 0.9592661002339613,
      "learning_time": 180
    },
    "run_4": {
      "accuracy": 0.9600664942741042,
      "learning_time": 228
    },
    "run_5": {
      "accuracy": 0.9597586504125107,
      "learning_time": 180
    }
  }
}