{
  "average_accuracy": 0.9595637852481221,
  "average_learning_time": 0.1938,
  "runs": {
    "run_1": {
      "accuracy": 0.9594446496736855,
      "learning_time": 151
    },
    "run_2": {
      "accuracy": 0.9597740426055904,
      "learning_time": 232
    },
    "run_3": {
      "accuracy": 0.9594508065509174,
      "learning_time": 182
    },
    "run_4": {
      "accuracy": 0.9594754340598448,
      "learning_time": 211
    },
    "run_5": {
      "accuracy": 0.9596739933505726,
      "learning_time": 193
    }
  }
}