{
    "average_learning_time": 0.261716845703125,
    "average_test_LL": -10029.054988109197,
    "folds": {
        "fold_1": {
            "learning_time": 252.001708984375,
            "test_LL": -10131.619999158776
        },
        "fold_10": {
            "learning_time": 284.57080078125,
            "test_LL": -10775.665704882966
        },
        "fold_2": {
            "learning_time": 255.2373046875,
            "test_LL": -10170.21312330244
        },
        "fold_3": {
            "learning_time": 257.841796875,
            "test_LL": -9837.83624368628
        },
        "fold_4": {
            "learning_time": 257.838134765625,
            "test_LL": -9767.271859284227
        },
        "fold_5": {
            "learning_time": 265.973388671875,
            "test_LL": -9904.733818702403
        },
        "fold_6": {
            "learning_time": 263.13916015625,
            "test_LL": -9844.15785470685
        },
        "fold_7": {
            "learning_time": 261.8603515625,
            "test_LL": -9912.442588591464
        },
        "fold_8": {
            "learning_time": 254.81787109375,
            "test_LL": -9874.449012351763
        },
        "fold_9": {
            "learning_time": 263.887939453125,
            "test_LL": -10072.159676424808
        }
    }
}