{
    "average_learning_time": 491.28689799804687,
    "average_test_LL": -2806.2515594813335,
    "folds": {
        "fold_1": {
            "learning_time": 401975.6794433594,
            "test_LL": -2921.5005194509977
        },
        "fold_10": {
            "learning_time": 452657.8605957031,
            "test_LL": -3564.174573317708
        },
        "fold_2": {
            "learning_time": 530644.3327636719,
            "test_LL": -2493.1021932559534
        },
        "fold_3": {
            "learning_time": 504629.4143066406,
            "test_LL": -2873.36765434935
        },
        "fold_4": {
            "learning_time": 506125.1389160156,
            "test_LL": -2781.0330654458617
        },
        "fold_5": {
            "learning_time": 513181.33251953125,
            "test_LL": -2684.3388359727096
        },
        "fold_6": {
            "learning_time": 514294.3034667969,
            "test_LL": -3127.4136770433233
        },
        "fold_7": {
            "learning_time": 509781.21337890625,
            "test_LL": -2742.5734414980843
        },
        "fold_8": {
            "learning_time": 495321.9450683594,
            "test_LL": -2614.927821240183
        },
        "fold_9": {
            "learning_time": 484257.7595214844,
            "test_LL": -2260.083813239162
        }
    }
}