{
  "average_accuracy": 0.9333496917461584,
  "average_learning_time": 9382.988599999999,
  "runs": {
    "run_1": {
      "accuracy": 0.9343005244916112,
      "learning_time": 12675800
    },
    "run_2": {
      "accuracy": 0.9322454988804711,
      "learning_time": 6723024
    },
    "run_3": {
      "accuracy": 0.9343414205236736,
      "learning_time": 8297237
    },
    "run_4": {
      "accuracy": 0.9323886349926899,
      "learning_time": 12568932
    },
    "run_5": {
      "accuracy": 0.9334723798423458,
      "learning_time": 6649950
    }
  }
}