{
    "average_learning_time": 9.538735880000013,
    "average_test_LL": -71.85942343804304,
    "average_train_BIC": -771.9686544094104,
    "folds": {
        "fold_1": {
            "learning_time": 11095.077599999968,
            "test_LL": -44.35543815680794,
            "train_BIC": -806.969558964995
        },
        "fold_10": {
            "learning_time": 9104.189399999996,
            "test_LL": -97.53708868102372,
            "train_BIC": -754.4303573223813
        },
        "fold_2": {
            "learning_time": 9671.343500000148,
            "test_LL": -42.184678805683475,
            "train_BIC": -793.8683276245749
        },
        "fold_3": {
            "learning_time": 9529.800400000113,
            "test_LL": -55.60396346723076,
            "train_BIC": -780.5301849732823
        },
        "fold_4": {
            "learning_time": 7795.149999999921,
            "test_LL": -74.27443743742917,
            "train_BIC": -784.8748217222965
        },
        "fold_5": {
            "learning_time": 9016.795599999796,
            "test_LL": -92.16761780606187,
            "train_BIC": -745.7925039001959
        },
        "fold_6": {
            "learning_time": 10322.445199999947,
            "test_LL": -71.78240193192175,
            "train_BIC": -780.8284197967753
        },
        "fold_7": {
            "learning_time": 11143.244399999958,
            "test_LL": -73.35756605925619,
            "train_BIC": -767.2424662982066
        },
        "fold_8": {
            "learning_time": 9027.138800000102,
            "test_LL": -66.92303370737028,
            "train_BIC": -768.3227787616618
        },
        "fold_9": {
            "learning_time": 8682.17390000018,
            "test_LL": -100.40800832764506,
            "train_BIC": -736.8271247297355
        }
    }
}