{
    "average_learning_time": 50.90218579000011,
    "average_test_LL": -122.53632955079681,
    "average_train_BIC": -766.2823921877964,
    "folds": {
        "fold_1": {
            "learning_time": 72001.86570000005,
            "test_LL": -37.92659049664773,
            "train_BIC": -784.30278303764
        },
        "fold_10": {
            "learning_time": 38425.10960000027,
            "test_LL": -91.1134382573764,
            "train_BIC": -737.7678053101711
        },
        "fold_2": {
            "learning_time": 47679.9989000001,
            "test_LL": -46.725944037705844,
            "train_BIC": -791.5584076408986
        },
        "fold_3": {
            "learning_time": 46930.88820000003,
            "test_LL": -46.655904244163196,
            "train_BIC": -791.686045317615
        },
        "fold_4": {
            "learning_time": 48084.9261000003,
            "test_LL": -663.8717603078624,
            "train_BIC": -766.805256517222
        },
        "fold_5": {
            "learning_time": 52969.96790000003,
            "test_LL": -69.18518419479871,
            "train_BIC": -744.3952848162346
        },
        "fold_6": {
            "learning_time": 57590.35760000006,
            "test_LL": -76.95117267906318,
            "train_BIC": -762.9951351846662
        },
        "fold_7": {
            "learning_time": 56169.946800000165,
            "test_LL": -79.84793726029531,
            "train_BIC": -766.544142413218
        },
        "fold_8": {
            "learning_time": 40986.33569999992,
            "test_LL": -59.21410685340456,
            "train_BIC": -775.6739938516862
        },
        "fold_9": {
            "learning_time": 48182.46140000019,
            "test_LL": -53.87125717665096,
            "train_BIC": -741.0950677886113
        }
    }
}