{
  "average_learning_time": 4180.6995,
  "average_test_LL": 311.82352948087953,
  "average_train_BIC": 2488.653743093628,
  "folds": {
    "fold_1": {
      "test_LL": 302.7135279865323,
      "train_BIC": 2524.592894938987,
      "learning_time": 4210509
    },
    "fold_2": {
      "test_LL": 345.90558008882897,
      "train_BIC": 2451.344560466604,
      "learning_time": 4351108
    },
    "fold_3": {
      "test_LL": 255.80889334598587,
      "train_BIC": 2540.0144197126388,
      "learning_time": 4154995
    },
    "fold_4": {
      "test_LL": 287.6756008428914,
      "train_BIC": 2521.3810231172183,
      "learning_time": 4790746
    },
    "fold_5": {
      "test_LL": 293.33008963512236,
      "train_BIC": 2499.211217817603,
      "learning_time": 4411914
    },
    "fold_6": {
      "test_LL": 365.80582201828184,
      "train_BIC": 2438.472621935795,
      "learning_time": 3603836
    },
    "fold_7": {
      "test_LL": 296.3216709014483,
      "train_BIC": 2508.421120211824,
      "learning_time": 4382282
    },
    "fold_8": {
      "test_LL": 322.1814655391927,
      "train_BIC": 2458.3531959420534,
      "learning_time": 4066737
    },
    "fold_9": {
      "test_LL": 343.656098539759,
      "train_BIC": 2460.4997390837993,
      "learning_time": 4232230
    },
    "fold_10": {
      "test_LL": 304.83654591075214,
      "train_BIC": 2484.246637709755,
      "learning_time": 3602638
    }
  }
}