{
  "average_learning_time": 302.12359999999995,
  "average_test_LL": -246.5758767530233,
  "average_train_BIC": -2341.9384475829625,
  "folds": {
    "fold_1": {
      "test_LL": -218.50088198560752,
      "train_BIC": -2307.015123456624,
      "learning_time": 509620
    },
    "fold_2": {
      "test_LL": -225.47994583568394,
      "train_BIC": -2329.6832428187668,
      "learning_time": 348189
    },
    "fold_3": {
      "test_LL": -262.8646480118038,
      "train_BIC": -2386.6041267153264,
      "learning_time": 161440
    },
    "fold_4": {
      "test_LL": -231.1110049960914,
      "train_BIC": -2426.33352678509,
      "learning_time": 145096
    },
    "fold_5": {
      "test_LL": -233.85883851532137,
      "train_BIC": -2288.3952906849418,
      "learning_time": 418576
    },
    "fold_6": {
      "test_LL": -241.52624336597427,
      "train_BIC": -2314.385328949921,
      "learning_time": 455340
    },
    "fold_7": {
      "test_LL": -274.5170908122913,
      "train_BIC": -2295.9855180705276,
      "learning_time": 324502
    },
    "fold_8": {
      "test_LL": -262.20211891042686,
      "train_BIC": -2362.8573836011797,
      "learning_time": 179366
    },
    "fold_9": {
      "test_LL": -258.6757871115235,
      "train_BIC": -2351.773690887049,
      "learning_time": 223167
    },
    "fold_10": {
      "test_LL": -257.02220798550877,
      "train_BIC": -2356.3512438602024,
      "learning_time": 255940
    }
  }
}